time,acceleration,activity
208.421,-1.171,unknown
1519.551,0.1658,walk
2634.841,-2.5454,unknown
3305.561,-3.1759,walk
53.091,-1.4473,unknown
2196.321,-2.7382,walk
1235.561,-4.669,walk
3747.281,-2.9145,walk
136.421,-1.2236,unknown
1477.621,-3.2834,walk
3772.431,-2.6826,unknown
2301.581,-0.3594,walk
1475.511,-4.3318,walk
2281.591,-1.7114,walk
2112.881,-2.3097,walk
3331.911,-4.5018,walk
1363.781,-2.2906,walk
1497.531,-3.392,walk
885.851,-2.8675,unknown
3533.051,-3.5185,walk
2234.301,-0.367,walk
2020.181,-0.5055,walk
2843.601,-0.0634,walk
1005.541,-1.5424,walk
2792.661,-3.8433,walk
641.211,-3.0061,unknown
3304.421,-4.478,walk
2777.981,-8.229,trot
554.651,-2.5665,unknown
3333.281,-2.5632,walk
1876.191,-2.7313,unknown
1829.301,-2.7922,unknown
836.351,-2.5399,unknown
2700.821,-3.0243,walk
2006.751,-2.6532,unknown
2357.251,-3.2945,walk
976.591,-4.718,walk
3673.311,-4.284,walk
670.001,-2.8113,unknown
483.311,-1.7026,unknown
626.511,-2.0283,unknown
3264.931,-4.0951,unknown
572.321,-2.8391,unknown
3244.621,-3.6216,walk
2192.751,-3.0264,walk
2645.931,-2.911,unknown
2577.111,-5.4888,walk
1416.781,-1.9011,walk
247.901,-1.248,unknown
1188.991,-1.365,walk
2592.881,-1.1015,walk
2790.961,0.7896,walk
3302.401,-2.6003,walk
1760.791,-3.2555,walk
497.021,-0.792,unknown
2556.631,-2.3052,walk
2015.891,-4.9207,walk
2421.691,-2.1295,walk
1264.921,-4.356,walk
2094.021,-4.4202,walk
1566.291,-1.1871,trot
2173.011,-4.3719,walk
2917.541,-1.3065,walk
2538.931,-5.2814,walk
3414.481,-4.0766,unknown
2843.731,-3.9119,walk
3782.181,-2.7722,unknown
2421.541,-5.5532,walk
1490.541,-2.8964,walk
1234.711,-0.5399,walk
2540.491,-8.3541,walk
2333.071,-1.7089,walk
1382.261,-2.4028,walk
215.541,-1.2736,unknown
2603.041,-3.6417,walk
3698.741,-4.6206,walk
2884.231,-3.0956,walk
823.461,-2.273,unknown
600.881,-3.0951,unknown
3401.731,-2.8091,unknown
3748.741,-3.4696,walk
1549.901,-9.9315,trot
1697.141,-3.5789,walk
994.361,-3.4911,walk
2508.691,-3.5606,walk
1416.311,-0.4692,walk
3685.111,-2.508,walk
2919.951,-1.8862,walk
470.511,-1.5673,unknown
1894.641,-2.1122,unknown
3867.281,-1.3447,unknown
1755.451,-5.6043,walk
3530.751,-2.5114,walk
307.191,-1.512,unknown
323.491,-1.0982,unknown
3045.941,-2.9117,walk
2667.481,-1.9405,walk
788.231,-2.8876,unknown
1519.831,-2.0837,walk
626.871,-2.697,unknown
497.061,-1.2263,unknown
1016.061,-3.7714,walk
1138.161,-3.0643,walk
2468.831,-0.7766,walk
2596.831,-3.8843,walk
2203.651,-1.8233,walk
1131.251,-4.2187,walk
2340.931,-0.2869,walk
2271.631,-1.9364,walk
2993.251,-1.6724,walk
3039.931,-3.0751,walk
3163.481,-4.5195,walk
2703.721,-4.2197,walk
2613.981,1.6151,walk
669.691,-2.952,unknown
1415.701,-4.2523,walk
111.531,-0.9165,unknown
1272.341,-2.8008,walk
1669.241,-2.762,walk
1675.381,-3.7478,walk
3528.581,-3.8629,walk
859.241,-2.8921,unknown
532.521,-0.1038,unknown
3736.261,-5.0008,walk
3593.271,-3.4099,walk
1790.251,-3.0004,unknown
1719.481,-2.252,walk
3222.491,-2.3231,walk
2478.701,-4.0733,walk
3307.031,-0.8088,walk
697.601,-2.9129,unknown
2874.141,-8.9421,trot
2335.181,-0.9328,walk
3240.681,-2.1196,walk
2177.671,-0.8806,walk
1357.151,-2.5162,walk
3643.321,-4.0001,walk
2554.891,-0.826,walk
3868.881,-1.6392,unknown
2114.531,-1.4751,walk
2765.651,3.0099,unknown
3881.861,-1.3198,unknown
636.841,-3.0111,unknown
2327.051,-1.6602,walk
3265.091,-3.4256,unknown
78.771,-1.5642,unknown
146.441,-1.5286,unknown
253.001,-1.1812,unknown
142.641,-1.3536,unknown
1514.671,6.3028,trot
2328.901,-1.0153,walk
393.041,-5.6703,unknown
985.401,-1.7974,walk
970.921,-1.536,walk
175.541,-1.4016,unknown
1250.111,-2.9972,walk
1665.541,-2.0386,walk
324.981,-0.8087,unknown
2328.071,-2.56,walk
2186.971,-2.9873,walk
1237.681,-1.8151,walk
1979.111,-2.7401,unknown
1959.041,-2.6916,unknown
2819.971,1.2584,trot
3084.391,-2.2475,walk
2116.231,-3.9976,walk
1359.521,-2.3732,walk
2720.641,-0.5158,walk
3707.161,-3.0253,walk
3314.731,-2.6914,walk
2005.081,-2.87,unknown
2179.911,-1.8867,walk
651.621,-2.6989,unknown
1711.981,-1.6476,walk
3824.911,-1.7373,unknown
1564.031,-8.9655,trot
3857.501,-1.675,unknown
3711.131,-4.178,walk
2589.351,-3.683,walk
102.741,-1.8461,unknown
3474.591,-4.2425,unknown
3156.751,0.6905,unknown
3629.891,-2.422,walk
3158.401,6.1378,unknown
2409.241,-2.1029,walk
771.301,-2.8803,unknown
1764.361,-1.3686,walk
39.451,-1.1203,unknown
3667.821,-5.2276,walk
1820.391,-2.5354,unknown
1132.061,-1.4165,walk
828.551,-2.8986,unknown
871.251,-3.0976,unknown
3739.011,-5.2154,walk
931.751,-1.6292,walk
2426.701,-0.6207,walk
382.241,1.2873,unknown
3039.421,-0.5565,walk
902.691,-1.3744,unknown
2237.161,-2.5649,walk
3071.881,-5.0436,walk
3104.501,-3.7734,walk
2716.101,1.1683,walk
3486.681,-4.9425,unknown
618.311,-3.0805,unknown
1466.111,-4.5199,walk
1307.421,-3.2049,walk
3822.471,9.3881,unknown
2176.681,-5.2689,walk
2849.571,-2.9687,walk
1374.861,-3.0717,walk
2290.081,-2.3534,walk
1036.021,-3.0056,walk
3439.671,-2.8982,walk
13.071,-0.4891,unknown
3373.341,-2.7029,walk
2850.481,-4.7193,walk
2629.651,0.1957,walk
2722.051,-4.3725,walk
2583.961,3.22,walk
2152.711,-3.8678,walk
2741.491,-5.0007,unknown
2389.441,-4.3221,walk
488.671,-1.2081,unknown
2013.571,-4.5033,walk
3184.011,-0.1318,walk
3297.851,-5.9896,unknown
3769.391,-2.1876,unknown
1432.441,-2.346,walk
2093.251,-2.077,walk
1503.051,0.0752,walk
2110.461,-3.3782,walk
1088.581,-1.5282,walk
1414.391,-1.8626,walk
3410.331,1.5672,unknown
3763.741,-3.1942,unknown
823.501,-2.5885,unknown
501.021,-1.071,unknown
843.631,-3.3229,unknown
1401.641,-0.4094,walk
3821.441,-4.9854,unknown
677.731,-3.0151,unknown
706.211,-2.921,unknown
1061.371,-4.9754,walk
896.141,-2.7088,unknown
2784.201,-8.4171,trot
1035.441,-4.7791,walk
3803.641,-2.9471,unknown
370.501,-2.7926,unknown
2693.431,2.0208,walk
1996.611,-2.7732,unknown
2149.581,-3.9279,walk
3053.611,-4.2163,walk
2414.681,-3.1439,walk
3283.131,-1.7097,walk
3810.731,-2.7831,unknown
1512.901,-3.1116,trot
2376.291,-4.1102,walk
1685.481,-1.0892,walk
1997.791,-2.8488,unknown
1244.111,-4.401,walk
1289.881,-3.1979,walk
1375.471,-2.5905,walk
2284.531,-3.0766,walk
2946.861,0.8965,unknown
870.531,-2.8743,unknown
2110.441,-2.8544,walk
3244.001,-1.9606,walk
2782.881,-0.5501,trot
2423.511,-2.3158,walk
2603.361,-4.3921,walk
2273.521,-4.6451,walk
1601.901,0.8327,trot
2797.631,-0.2999,walk
239.791,-1.8898,unknown
3457.191,-2.0514,walk
1173.061,-5.5666,walk
3018.701,-4.2079,walk
2925.401,-4.6886,walk
1976.631,-2.6787,unknown
3856.601,-1.2241,unknown
2222.341,-3.6353,walk
582.681,-2.269,unknown
2767.901,-4.7193,walk
1878.241,-2.7323,unknown
3621.641,-9.4343,trot
611.411,-2.7366,unknown
1999.481,-2.8988,unknown
1112.931,-2.9048,walk
3222.091,-1.6129,walk
2510.841,-2.3276,walk
299.831,-3.331,unknown
1433.251,-1.4045,walk
1386.781,-2.7926,walk
2632.571,-5.5589,walk
3813.241,-2.9181,unknown
577.481,-3.7187,unknown
1928.611,-2.8061,unknown
2568.211,-3.405,walk
1521.401,1.9114,walk
2369.541,-3.2314,walk
2014.881,-4.8744,walk
1279.451,-2.0077,walk
1779.281,-1.2143,walk
940.771,-4.9772,walk
1964.511,-2.7298,unknown
1073.201,-1.8896,walk
675.101,-2.9827,unknown
3419.091,-1.455,unknown
474.701,-0.5936,unknown
260.511,-2.4853,unknown
744.781,-2.9145,unknown
821.261,-2.5603,unknown
1294.931,-3.9979,walk
1162.731,-1.0698,walk
2806.121,-1.0044,walk
358.961,-3.1297,unknown
2090.291,-4.0216,walk
554.301,-2.358,unknown
1328.231,-2.5064,walk
3306.011,-3.8705,walk
1102.001,-1.6475,walk
3382.321,-1.7604,walk
2226.271,-4.3659,walk
1525.771,-3.625,walk
2635.341,-3.2687,unknown
231.431,-1.3381,unknown
319.741,-0.3487,unknown
2100.051,-4.006,walk
3190.881,-0.4137,walk
2090.381,-2.3259,walk
2815.391,-9.6213,trot
3003.381,-3.7522,walk
3879.921,-1.3186,unknown
326.201,-1.2819,unknown
568.051,-2.6537,unknown
3126.441,-5.3729,walk
3002.891,-3.1773,walk
2622.941,-0.0126,walk
2989.201,-1.6569,walk
3884.771,-1.3886,unknown
1448.071,-3.8358,walk
2222.181,-3.635,walk
1948.031,-2.7321,unknown
2851.061,-0.9874,walk
3413.591,-3.0887,unknown
1101.081,-1.8039,walk
2727.111,-2.6191,walk
2764.781,0.3498,unknown
3486.221,-0.9955,unknown
2695.591,-2.6095,walk
2071.431,-1.6098,walk
3818.211,-2.8969,unknown
1136.831,0.3833,walk
2816.031,-1.44,trot
1222.681,-3.9981,walk
3157.561,3.3032,unknown
1157.241,-0.0543,walk
1885.861,-2.7596,unknown
2243.641,-3.1927,walk
1470.101,-2.8917,walk
432.541,-1.5933,unknown
3531.471,-2.4932,walk
3841.571,-1.5017,unknown
2706.281,-0.6765,walk
3384.031,-4.1,walk
980.031,-3.8646,stand
522.681,-1.2983,unknown
634.071,-3.0034,unknown
2506.791,-3.3502,walk
735.821,-2.8673,unknown
2166.381,-2.9478,walk
2200.301,-2.5001,walk
3844.551,-1.5072,unknown
3127.451,-2.5976,walk
1969.491,-2.7944,unknown
3853.761,-1.3347,unknown
451.921,-1.6076,unknown
1299.621,-3.1628,walk
2966.091,-2.4202,trot
1656.851,-4.7289,walk
1774.011,-3.6047,walk
350.681,-1.5706,unknown
1694.151,-3.4531,walk
1608.351,9.4284,trot
3449.591,-1.1926,walk
846.901,-2.9311,unknown
2754.831,-0.0734,trot
461.391,-1.0334,unknown
1881.571,-2.7531,unknown
1205.001,-3.6263,walk
2165.431,-3.8768,walk
377.771,6.4409,unknown
2900.191,-3.1148,walk
2152.861,-3.0919,walk
587.281,-2.934,unknown
1457.071,-3.2656,walk
3059.021,-2.8877,walk
3598.231,-3.7201,walk
3358.301,-2.9202,walk
1045.261,-6.58,walk
3122.671,-4.2651,walk
1734.051,-5.3828,walk
682.341,-2.899,unknown
892.251,-2.9688,unknown
2212.411,-1.7595,walk
3379.641,-4.8574,walk
2183.081,-3.2333,walk
1710.941,-1.4237,walk
2276.501,-1.6174,walk
3264.721,-2.4076,unknown
1416.191,-4.1523,walk
392.761,1.3991,unknown
981.691,-2.9286,stand
3089.691,-4.281,walk
2715.111,-2.8563,walk
2239.411,-3.6055,walk
1704.231,-5.5432,walk
533.321,-2.8434,unknown
519.011,-1.8355,unknown
3104.971,-3.1652,walk
3653.801,-2.521,walk
201.511,-1.2054,unknown
3673.481,-2.9003,walk
721.961,-2.9358,unknown
3294.211,-0.6217,walk
243.451,-1.1081,unknown
3115.301,-6.3329,trot
3592.111,-1.9046,walk
1588.861,-2.3161,trot
3163.821,-2.5078,walk
1953.491,-2.7556,unknown
703.151,-2.9239,unknown
276.481,-1.2859,unknown
3852.521,-1.2914,unknown
2998.961,-1.9228,walk
71.371,-0.8092,unknown
1517.951,-5.7296,trot
2452.611,0.4752,walk
233.691,-1.3343,unknown
1132.641,-4.765,walk
3757.151,-2.4382,walk
2651.161,-2.7825,walk
3060.421,-1.0984,walk
242.251,-1.8826,unknown
1672.161,-5.653,walk
285.251,-1.2605,unknown
1969.171,-2.9308,unknown
3651.931,-2.9627,walk
578.901,-2.7276,unknown
1512.851,-2.5912,trot
130.391,-1.9002,unknown
454.161,-1.743,unknown
278.641,-1.3656,unknown
1529.911,-2.1185,walk
2709.591,-4.2138,walk
2160.511,-2.375,walk
3372.671,-2.7019,walk
3520.911,-1.3871,trot
3853.401,-1.4353,unknown
801.001,-2.9838,unknown
3748.431,-1.6135,walk
3662.651,-1.8076,walk
2234.111,-3.6406,walk
493.451,-1.2668,unknown
2423.221,-5.3227,walk
1482.011,-2.6185,walk
3542.981,-0.7652,trot
3438.611,-1.1825,walk
355.021,-3.951,unknown
2590.621,-4.3167,walk
1936.301,-2.8781,unknown
3.251,-3.9099,unknown
909.281,-3.7706,unknown
3846.321,-1.3293,unknown
2118.131,-4.1068,walk
429.081,-1.3247,unknown
1866.471,-2.7853,unknown
189.691,-1.9465,unknown
3282.521,-3.3752,walk
2236.011,-4.6432,walk
848.311,-2.8633,unknown
2982.291,-1.8906,trot
2351.641,-2.8282,walk
874.621,-2.8941,unknown
1529.461,-2.5479,walk
3059.761,-3.4329,walk
3132.821,-3.3945,walk
162.051,-2.2175,unknown
184.891,-1.3847,unknown
3567.281,-5.275,unknown
430.871,-1.4603,unknown
147.691,-1.4152,unknown
196.271,-1.354,unknown
3332.931,-4.4144,walk
126.441,-0.8869,unknown
743.321,-2.9002,unknown
534.101,-1.5941,unknown
326.191,-1.214,unknown
3356.521,-5.3954,walk
2090.431,-2.4762,walk
1004.311,-2.7122,walk
2435.131,-2.1797,walk
1696.111,0.1591,walk
1187.141,-3.3122,walk
2169.791,-2.9716,walk
975.411,-3.2388,walk
696.641,-2.9423,unknown
2509.441,-3.649,walk
1413.451,-2.6804,walk
1999.751,-2.7628,unknown
2935.411,-1.4412,unknown
3609.771,-7.9836,unknown
3103.771,-4.4073,walk
1344.291,-3.1284,walk
2341.761,-3.8001,walk
38.261,-0.7079,unknown
587.521,-3.0801,unknown
2999.571,-3.6255,walk
3057.331,-2.1224,walk
2090.901,-4.7424,walk
3876.171,-1.2298,unknown
178.351,-2.1641,unknown
3085.551,-2.1125,walk
2576.791,-4.1644,walk
125.271,-0.9667,unknown
1006.171,-0.0227,walk
1736.221,-4.3013,walk
1737.381,0.0758,walk
2734.991,-1.4628,walk
680.271,-3.0314,unknown
1338.041,-3.9236,walk
2573.861,-2.4301,walk
2467.161,-0.9876,walk
877.001,-4.3329,unknown
2944.441,-7.2293,unknown
2945.311,-2.557,unknown
2319.651,-2.3379,walk
1203.631,-2.6774,walk
843.381,-3.6206,unknown
2661.311,-2.5639,walk
1604.771,-5.4519,trot
1510.061,1.5173,trot
1227.611,-2.782,walk
1644.851,-0.0548,trot
3766.651,-3.0172,unknown
2193.321,-3.4907,walk
1570.331,-0.887,trot
1527.051,-1.5064,walk
3556.921,-1.3406,trot
2347.371,-4.6308,walk
528.191,-1.0552,unknown
2407.431,-2.11,walk
1648.731,-3.568,walk
2400.781,-3.5171,walk
660.281,-2.8768,unknown
1953.531,-2.7642,unknown
3149.141,-0.5659,walk
1051.781,-2.6192,walk
1783.321,-4.7812,walk
613.401,-2.4965,unknown
3138.201,-4.0958,walk
1821.881,-2.8426,unknown
2990.501,-4.3158,walk
2003.881,-2.7898,unknown
2981.261,-8.2182,trot
322.331,-1.969,unknown
903.661,-2.8917,unknown
2341.181,-4.8593,walk
2675.041,-3.0703,walk
3638.611,-2.7725,trot
2348.811,-2.3163,walk
3193.441,-4.216,walk
605.341,-2.0452,unknown
2914.401,-9.0553,trot
1423.031,-2.484,walk
487.571,-1.2575,unknown
3450.611,-4.0221,walk
1088.351,-3.7003,walk
1351.931,-4.4603,walk
872.351,-2.8089,unknown
1020.721,-1.9666,walk
308.891,1.8835,unknown
2818.751,5.4756,trot
83.411,-1.5723,unknown
2467.851,0.4557,walk
2329.171,-5.114,walk
2478.631,-3.1728,walk
2537.321,8.6218,walk
498.621,-1.3453,unknown
34.711,-1.6314,unknown
3029.521,-4.2249,walk
2086.071,-2.2041,walk
1267.501,-2.7876,walk
99.871,-1.1661,unknown
1768.671,-2.7197,walk
2081.261,-2.5795,walk
1661.931,-3.7272,walk
2983.181,-5.3622,trot
2322.291,-3.6509,walk
1988.211,-2.7897,unknown
1594.901,-2.4858,trot
3718.281,-5.6713,walk
2330.361,-5.2063,walk
3072.461,-0.494,walk
88.381,-1.4158,unknown
499.131,-0.9766,unknown
3790.191,-2.8583,unknown
544.471,-1.2728,unknown
1120.811,-0.4507,walk
3854.661,-1.7253,unknown
8.071,-1.377,unknown
247.541,-1.3224,unknown
1421.821,-2.1357,walk
894.771,-2.8876,unknown
3017.691,-4.7223,walk
2267.861,-3.4004,walk
14.011,1.0436,unknown
1025.701,-1.6845,walk
2189.351,1.2449,walk
1320.231,-1.3782,walk
3522.461,1.1449,trot
2027.371,-2.1612,walk
1673.891,-3.0306,walk
248.711,-1.3037,unknown
417.231,-1.4388,unknown
728.051,-2.8248,unknown
784.501,-2.9192,unknown
511.421,-1.2523,unknown
863.751,-2.6713,unknown
800.661,-3.0091,unknown
2546.811,-1.7765,walk
2988.791,-2.2605,walk
2207.441,-3.1004,walk
907.451,-3.4465,unknown
543.431,-1.4902,unknown
3789.861,-2.6788,unknown
964.841,-1.0622,walk
352.091,-1.9725,unknown
348.321,-1.1402,unknown
1759.511,-4.6899,walk
3639.871,-5.6243,trot
1804.701,-2.6768,unknown
3367.141,0.9752,walk
3709.271,-4.1583,walk
626.771,-3.2756,unknown
726.481,-3.3633,unknown
2052.031,-3.5692,walk
2009.281,-3.0985,walk
362.751,0.9299,unknown
2363.761,-3.679,walk
3729.821,-2.7874,walk
1832.991,-2.6974,unknown
1447.531,-4.5238,walk
2515.081,-0.8252,walk
914.581,-2.8666,unknown
518.821,-1.5305,unknown
1435.091,-4.1133,walk
2569.981,-1.8279,walk
1535.391,-6.5869,walk
674.141,-2.9318,unknown
478.231,-1.414,unknown
3677.291,-2.917,walk
2121.611,-1.7501,walk
3064.541,-4.8281,walk
2002.331,-2.7542,unknown
2995.261,-4.0008,walk
2927.041,-3.4334,walk
2792.471,-3.2055,walk
1949.231,-2.563,unknown
3825.491,-4.3305,unknown
1020.091,-4.6814,walk
2424.311,-3.5595,walk
918.411,-3.3371,walk
2069.371,-3.7721,walk
1131.391,-0.9431,walk
3232.501,-3.1425,walk
3031.991,-4.1462,walk
1161.001,-0.385,walk
37.991,-1.5434,unknown
3232.181,-2.9785,walk
3476.971,-1.3182,unknown
2053.991,-4.6913,walk
2083.171,-4.9509,walk
1023.901,-4.0781,walk
2931.771,-2.6714,walk
1152.441,-3.7801,walk
3731.401,-1.0716,walk
87.871,-0.8803,unknown
1032.741,-2.6945,walk
1519.021,-7.1195,trot
937.631,-5.323,walk
2123.621,-0.3673,walk
2157.251,-4.0548,walk
1773.191,-0.6843,walk
776.651,-2.9335,unknown
2544.531,-1.9293,walk
462.211,0.1559,unknown
2346.221,-5.2613,walk
1221.871,-2.1377,walk
362.631,-2.868,unknown
1950.881,-2.6538,unknown
1549.211,-4.8952,trot
1036.901,-3.8703,walk
1852.721,-2.6906,unknown
2058.561,-2.3208,walk
884.821,-2.5014,unknown
2841.401,-2.1098,walk
2530.871,0.8421,walk
2182.101,-4.734,walk
1430.431,-1.4139,walk
2495.701,-5.1121,walk
3735.461,-2.9367,walk
1781.001,-4.9763,walk
3277.211,-2.8025,walk
1344.031,0.2761,walk
3015.321,-2.1062,walk
1359.251,-0.6464,walk
1396.231,-3.3793,walk
3427.561,1.4867,unknown
1723.731,1.9642,walk
1508.501,-1.8925,trot
1065.301,-1.4971,walk
3482.301,-1.9504,unknown
208.991,-1.3023,unknown
2270.211,0.7092,walk
1281.201,-0.5709,walk
1577.721,-8.0999,trot
1421.401,-5.1051,walk
310.811,-2.7121,unknown
2714.401,-4.518,walk
1898.801,-2.7543,unknown
2252.101,-3.6848,walk
549.121,-1.2796,unknown
2037.921,-1.4278,walk
82.351,-1.1517,unknown
3395.601,-1.6965,unknown
135.751,-1.2524,unknown
1216.521,-1.5755,walk
763.231,-2.8157,unknown
1333.761,-1.9363,walk
2581.791,-2.39,walk
107.791,-1.4352,unknown
3231.061,-5.0761,walk
219.171,-1.2803,unknown
2951.131,-3.9059,unknown
535.441,-1.2417,unknown
1963.431,-2.804,unknown
1866.561,-2.5567,unknown
2605.781,-3.4561,walk
2242.991,-2.5392,walk
2539.621,-5.8749,walk
2534.251,-4.1627,walk
14.051,-2.3844,unknown
1830.191,-2.6706,unknown
2575.981,0.5355,walk
2692.641,-3.0313,walk
1782.301,-3.6843,walk
720.261,-3.0173,unknown
652.421,-3.0677,unknown
2257.371,-2.0556,walk
1321.201,-2.4917,walk
2713.051,-3.3771,walk
1305.131,-3.6213,walk
2499.471,-3.6301,walk
3833.101,-1.7214,unknown
1738.621,-1.2074,walk
1923.411,-2.7987,unknown
1962.021,-2.7162,unknown
1649.641,-4.4704,walk
63.501,-1.3254,unknown
1676.661,-2.2874,walk
642.821,-2.7846,unknown
2918.861,-3.6558,walk
3835.791,-2.2832,unknown
2923.071,-4.2569,walk
1477.391,-3.0645,walk
393.601,-2.6989,unknown
856.931,-2.6123,unknown
1667.211,-0.5712,walk
597.811,-2.7932,unknown
3039.411,-1.4725,walk
603.931,-2.6315,unknown
725.171,-3.1541,unknown
3368.411,-1.6703,walk
2838.871,-3.8378,walk
825.381,-3.9489,unknown
1392.861,-2.6438,walk
3095.201,-0.8654,walk
3536.631,-4.4515,walk
1469.131,-0.6908,walk
1016.661,-3.4823,walk
1776.471,1.4733,walk
504.751,-1.2537,unknown
1923.801,-2.7989,unknown
2387.981,-4.5662,walk
1132.811,-1.3021,walk
2880.701,1.8389,walk
660.641,-3.0362,unknown
2653.301,-5.1015,walk
2384.781,-5.2697,walk
1132.961,-4.1294,walk
2558.641,-2.4928,walk
569.471,-2.7246,unknown
1154.761,-3.4117,walk
815.611,-2.8816,unknown
358.541,-2.3235,unknown
3704.481,-2.5573,walk
919.331,-0.8821,walk
732.371,-2.8349,unknown
487.771,-1.3834,unknown
759.281,-2.9916,unknown
919.451,-3.7749,walk
2478.391,-0.629,walk
1938.341,-2.7868,unknown
2588.521,4.9819,walk
2061.851,-4.3273,walk
938.811,-1.1934,walk
2799.491,-3.4101,walk
3744.451,-5.9301,walk
821.851,-2.8417,unknown
318.921,-1.4303,unknown
326.261,-1.2693,unknown
1672.341,-3.7482,walk
2616.031,-2.4699,walk
1270.841,-2.233,walk
1857.861,-2.2396,unknown
2757.931,-3.9946,trot
757.211,-2.9524,unknown
330.491,-2.0523,unknown
1356.271,-4.5703,walk
1635.051,4.9522,trot
2493.931,-1.3743,walk
3783.191,-2.7764,unknown
287.411,-1.3652,unknown
3025.641,-3.3798,walk
692.971,-2.9012,unknown
2491.011,-1.8159,walk
955.891,-3.2374,walk
3783.011,-3.3395,unknown
3358.641,-2.801,walk
1751.311,-4.3968,walk
272.681,-1.2845,unknown
2439.151,-3.4322,walk
3316.441,-4.7495,walk
3886.411,-1.3224,unknown
2148.481,-1.745,walk
2667.101,-4.2821,walk
1408.521,-2.3805,walk
1520.631,-5.4679,walk
438.171,-4.7797,unknown
88.501,-1.3293,unknown
2701.111,-2.7479,walk
1719.991,-4.0065,walk
1045.811,-3.1534,walk
1329.201,-2.3974,walk
882.991,-3.0552,unknown
2261.691,-2.5054,walk
1735.211,-2.9224,walk
1363.351,-4.2604,walk
912.491,-2.5761,unknown
312.041,-1.3438,unknown
3020.791,-0.5178,walk
1668.301,-3.3476,walk
2119.661,-1.0929,walk
3096.961,0.1193,walk
1185.561,-3.7922,walk
3108.871,-3.9003,unknown
3576.211,-5.4057,unknown
3394.571,-4.4602,walk
3525.221,-2.6103,walk
1208.841,-2.9201,walk
2679.221,-3.0974,unknown
736.141,-2.8238,unknown
3596.121,-1.5951,walk
2071.471,-3.311,walk
289.361,-1.1581,unknown
2065.351,-2.274,walk
266.751,-1.6292,unknown
300.651,3.0365,unknown
770.641,-2.8324,unknown
2020.631,-3.2079,walk
747.281,-3.0645,unknown
2642.791,-6.046,unknown
3019.511,-2.7138,walk
2243.491,-4.2038,walk
1613.791,3.0624,trot
641.461,-3.3336,unknown
2369.681,-3.6654,walk
753.471,-2.9111,unknown
3738.831,0.5157,walk
2492.821,-0.7133,walk
48.601,-1.5291,unknown
2166.671,-2.2113,walk
3835.771,-1.4228,unknown
3416.891,-4.2317,unknown
2010.381,-3.4682,walk
3147.501,-5.9973,walk
2582.211,-4.7381,walk
2734.561,-3.6901,walk
722.551,-2.6572,unknown
846.391,-3.0573,unknown
2229.581,-1.5989,walk
3725.731,-2.9385,walk
1459.351,-0.9469,walk
1737.031,-3.0248,walk
2736.291,-1.2223,walk
3508.221,-5.6254,trot
1314.561,-4.6887,walk
3632.161,-0.9454,walk
1054.501,-4.3818,walk
900.891,-0.3772,unknown
2121.261,-4.2464,walk
2595.601,-0.1551,walk
170.321,-1.3752,unknown
1848.591,-2.755,unknown
2763.381,2.0548,trot
3604.811,-1.7634,unknown
2931.331,-0.8895,walk
2469.321,-1.4289,walk
3773.421,-2.8547,unknown
2498.411,0.8025,walk
1678.671,-5.5105,walk
877.171,-1.5479,unknown
3457.051,-5.0378,walk
1432.071,-3.1693,walk
3821.611,-1.3981,unknown
3115.031,-1.1159,trot
1755.911,-4.1001,walk
1377.961,-1.0723,walk
3871.931,-1.6507,unknown
2257.001,-4.0884,walk
3108.111,-1.1011,walk
459.401,0.8709,unknown
2091.671,-4.2602,walk
1096.521,-3.2869,walk
2450.831,-4.328,walk
898.191,-3.2192,unknown
3695.451,-2.9123,walk
1115.771,-2.9082,walk
3808.621,-2.8837,unknown
65.881,-1.5155,unknown
3711.441,-2.3073,walk
2487.401,-7.4237,walk
791.421,-2.8607,unknown
2529.221,-0.979,walk
3641.081,0.4078,trot
3480.961,-1.7577,unknown
2032.241,-2.1591,walk
2437.471,-2.4925,walk
2343.191,-4.3752,walk
3605.281,-1.1176,unknown
3256.831,0.2539,unknown
980.671,-2.6264,stand
3078.681,-4.4385,walk
1814.881,-2.7445,unknown
620.061,-1.8981,unknown
2334.511,-1.6405,walk
2163.361,-3.517,walk
1102.781,-1.8335,walk
666.181,-3.2601,unknown
2534.711,0.628,walk
3103.401,-3.1652,walk
2357.001,-0.3773,walk
920.041,-1.4374,walk
3885.901,-1.27,unknown
2402.401,-2.4615,walk
951.161,-4.9767,walk
3827.931,-1.4211,unknown
28.911,-1.4313,unknown
316.421,-1.0569,unknown
2334.241,0.6823,walk
2090.721,-1.093,walk
2666.311,-2.0509,walk
8.021,-1.3616,unknown
3189.061,-3.0466,walk
3144.861,-1.1357,walk
1.341,-0.6222,unknown
466.701,-0.4703,unknown
1320.841,-0.9072,walk
2349.941,-4.3786,walk
3286.021,-2.1647,walk
1214.861,-2.6961,walk
1892.171,-2.5296,unknown
274.031,-1.2624,unknown
724.121,-3.0367,unknown
2935.391,1.9337,unknown
2570.821,-4.6975,walk
1670.051,-3.0657,walk
1954.281,-2.7357,unknown
2428.691,-2.2908,walk
733.691,-2.9199,unknown
2925.411,-4.6282,walk
1103.341,-4.379,walk
3340.891,-3.4977,walk
3357.691,0.0284,walk
2181.041,-1.1727,walk
2461.101,-0.8834,walk
1151.641,-1.178,walk
1184.951,-0.4791,walk
3026.421,-2.9388,walk
13.521,-3.2422,unknown
646.671,-3.0419,unknown
2318.851,-0.2807,walk
3717.581,-3.6276,walk
321.511,-1.8101,unknown
2843.881,-1.248,walk
347.181,-1.6361,unknown
3227.591,-3.1165,walk
1311.111,-1.8792,walk
3830.641,-1.7923,unknown
2540.301,-3.5576,walk
3081.271,-3.6116,walk
168.621,-2.5735,unknown
210.951,-1.3448,unknown
3869.061,-1.4138,unknown
3562.051,-4.9184,unknown
856.841,-2.5409,unknown
3445.251,-2.684,walk
1898.001,-2.7923,unknown
3093.891,-6.19,walk
2496.091,-0.6914,walk
3141.321,-2.0905,walk
2477.601,-0.8429,walk
2070.871,-2.1801,walk
308.241,-2.4295,unknown
2549.101,-2.1536,walk
754.821,-2.9865,unknown
1548.101,0.2876,trot
3105.151,-2.8846,walk
2614.081,-3.5829,walk
423.401,-1.358,unknown
2004.931,-2.708,unknown
151.131,-2.1289,unknown
2303.121,-2.8915,walk
2632.391,-1.08,walk
2454.611,-2.8063,walk
887.351,-3.0557,unknown
647.281,-2.9327,unknown
949.841,-4.6438,walk
308.631,-1.6938,unknown
2551.111,-1.5375,walk
3489.091,2.1444,unknown
1925.901,-2.8171,unknown
3853.131,-1.4282,unknown
1193.231,-3.9811,walk
898.171,-3.0764,unknown
3622.411,-6.0902,trot
382.701,-7.8155,unknown
2371.651,-3.39,walk
843.901,-2.1514,unknown
340.941,-1.6342,unknown
1846.031,-2.7655,unknown
3665.051,-3.4901,walk
785.191,-2.9184,unknown
3221.201,-0.9848,walk
1411.121,-3.0769,walk
29.461,-1.6972,unknown
2796.181,-1.9566,walk
2787.011,-4.1727,trot
3886.101,-1.381,unknown
1586.581,-8.236,trot
347.031,-1.397,unknown
1592.621,4.0621,trot
3477.831,-9.0713,unknown
3865.691,-1.391,unknown
2587.881,0.192,walk
622.631,-2.91,unknown
1036.421,-2.245,walk
209.001,-1.3528,unknown
3697.031,-0.9498,walk
3582.651,3.9533,trot
3054.601,-4.5573,walk
880.481,-2.9317,unknown
59.401,-1.4284,unknown
1002.891,-2.7115,walk
2690.371,-5.2424,walk
233.771,-1.3718,unknown
439.441,-1.3764,unknown
3361.431,-2.8864,walk
1049.081,-4.8857,walk
3887.511,-1.3995,unknown
3834.721,-1.8825,unknown
1406.161,-4.0122,walk
3418.581,-4.4723,unknown
737.661,-2.8686,unknown
2737.831,-3.1475,unknown
3169.421,-2.5716,walk
1246.891,-2.3861,walk
8.551,-1.9915,unknown
2366.551,-1.7693,walk
427.071,-1.14,unknown
42.161,-1.915,unknown
1728.501,-4.9918,walk
1348.161,-4.1098,walk
1374.801,-3.4734,walk
95.271,-0.959,unknown
3279.961,-2.5558,walk
3384.741,-3.0779,walk
2054.641,-1.6925,walk
2095.771,-1.4203,walk
1699.801,-7.289,walk
1125.871,-1.5219,walk
894.661,-3.0435,unknown
1816.071,-2.598,unknown
3251.631,-4.6333,walk
1780.371,-3.3424,walk
1372.451,-5.0943,walk
3059.771,-2.9401,walk
1246.961,-0.7235,walk
3699.471,-4.0519,walk
1655.161,0.2592,walk
3796.991,-3.359,unknown
1200.661,-2.6622,walk
3667.541,-0.6519,walk
143.731,-1.8413,unknown
1882.731,-2.8159,unknown
542.841,-1.4932,unknown
2583.021,-4.7135,walk
3176.771,-4.2275,walk
1825.891,-2.5971,unknown
344.231,-3.3965,unknown
439.601,-1.2794,unknown
151.491,-2.3914,unknown
1395.361,0.5738,walk
3718.231,-4.8987,walk
323.571,-0.5043,unknown
3132.511,-3.1435,walk
822.881,-2.8353,unknown
3312.851,-2.2877,walk
3387.261,-2.5919,walk
3883.741,-0.7711,unknown
1878.141,-2.77,unknown
43.851,-1.3692,unknown
1688.181,-4.8136,walk
2855.521,-4.7919,walk
245.931,-1.2862,unknown
3454.441,-2.8521,walk
1684.401,-4.2404,walk
1788.791,-4.4392,walk
3539.131,-5.6394,walk
15.791,-4.9082,unknown
377.091,-1.7344,unknown
3501.111,-0.8421,trot
1563.481,0.5497,trot
2321.091,0.0913,walk
3248.631,1.2902,walk
2102.451,-5.4046,walk
2000.331,-2.8352,unknown
59.201,-1.5674,unknown
39.081,-2.0854,unknown
676.811,-2.9522,unknown
1032.681,-6.8843,walk
1692.141,-4.7854,walk
2648.801,-3.7016,unknown
976.491,-2.5825,walk
3054.251,-2.3201,walk
290.741,-1.1271,unknown
2955.491,-9.484,trot
3144.691,-3.0725,walk
686.951,-2.9508,unknown
1338.151,-2.0546,walk
2772.491,-3.2874,walk
671.611,-2.9192,unknown
512.291,-1.2964,unknown
2853.431,-3.3211,walk
822.431,-2.8184,unknown
1495.781,-1.1044,walk
180.231,-1.2488,unknown
2791.541,-0.7497,walk
2352.261,-4.7509,walk
1913.441,-2.8502,unknown
332.581,-3.4704,unknown
3525.661,-5.0892,walk
2229.401,-2.3247,walk
1246.841,-4.4147,walk
1190.631,-3.7971,walk
881.601,-2.676,unknown
3768.371,-2.4722,unknown
3670.521,-5.6005,walk
144.751,-1.2003,unknown
1466.591,-3.3956,walk
574.041,-2.9117,unknown
2721.251,-1.9875,walk
423.371,-0.962,unknown
129.251,-1.7957,unknown
2894.921,0.6716,trot
1290.751,-0.9451,walk
2663.741,-1.0604,walk
330.851,-1.8541,unknown
1454.261,-0.0382,walk
2338.441,-4.5042,walk
3333.211,-1.1824,walk
484.341,-0.8086,unknown
2635.321,-3.6936,unknown
817.051,-2.8953,unknown
1551.431,4.4824,trot
126.271,-0.9684,unknown
2276.241,-3.6338,walk
2572.831,-1.6783,walk
3806.681,-2.7263,unknown
2850.041,-5.0602,walk
1706.591,-2.108,walk
935.181,-4.5003,walk
103.011,-0.9008,unknown
1622.211,-8.7032,trot
648.161,-2.8501,unknown
1658.291,-2.8159,walk
810.651,-3.2714,unknown
865.851,-2.9031,unknown
985.081,-4.4301,walk
1691.891,-1.6251,walk
106.881,-1.5793,unknown
465.661,-1.4687,unknown
3135.311,-3.0416,walk
517.351,-1.108,unknown
1728.331,-0.1096,walk
1747.671,-0.6451,walk
2801.461,-6.1142,walk
1299.361,-3.9024,walk
3369.481,-2.8858,walk
1223.351,-1.0719,walk
2554.971,-3.6152,walk
2402.611,-2.0804,walk
3242.841,-3.066,walk
347.731,-3.3866,unknown
3664.051,-4.2105,walk
50.201,-1.5589,unknown
3058.221,-2.3091,walk
1281.291,-3.0693,walk
536.851,-0.6107,unknown
2251.761,-2.6232,walk
865.351,-3.0032,unknown
13.171,0.426,unknown
3196.361,-4.3618,walk
374.451,-2.0633,unknown
3608.031,-0.3193,unknown
2532.311,-2.5979,walk
439.091,-1.6813,unknown
3149.331,-3.4506,walk
217.901,-1.2945,unknown
817.331,-2.9659,unknown
1092.371,-3.8703,walk
473.871,-1.3954,unknown
2302.671,-5.3678,walk
351.541,-2.3654,unknown
377.121,-1.3125,unknown
1763.021,-2.7898,walk
434.451,-0.9998,unknown
3833.291,-1.7733,unknown
1228.821,-2.3815,walk
779.011,-2.9501,unknown
1642.491,-9.5086,trot
3430.581,-2.3599,walk
2032.801,-2.1761,walk
1507.131,-2.9852,trot
2993.491,-1.5475,walk
3412.111,-1.9502,unknown
341.791,-0.7366,unknown
914.051,-3.0163,unknown
2156.261,-3.1834,walk
1082.051,-2.1786,walk
2265.291,-2.8757,walk
1320.471,-3.5254,walk
964.891,-3.8237,walk
26.821,-1.4292,unknown
3531.431,-2.8972,walk
1340.211,-2.4099,walk
482.241,-1.2396,unknown
174.021,-1.3357,unknown
2004.361,-2.7527,unknown
2210.571,-0.6372,walk
765.701,-2.7146,unknown
3344.701,-4.3142,walk
759.271,-3.0949,unknown
3317.221,-2.2943,walk
535.281,-1.2313,unknown
927.451,-3.9684,walk
2320.311,-4.6926,walk
3556.071,-1.8761,trot
574.681,-2.8029,unknown
1336.951,-5.5674,walk
1564.571,-6.7046,trot
3449.861,-2.3179,walk
3439.381,-3.4424,walk
3061.271,-3.1251,walk
2669.771,-3.6465,walk
1855.111,-2.698,unknown
3211.381,-8.4131,unknown
1820.221,-2.9012,unknown
3056.211,-2.2755,walk
2753.561,-0.6515,trot
2672.051,-3.2804,walk
2993.831,-1.4738,walk
3713.361,-1.8696,walk
2808.731,-4.2101,walk
983.511,-0.549,walk
2177.621,-2.3393,walk
1811.581,-2.9689,unknown
1469.991,-1.9685,walk
967.571,-1.0395,walk
1683.721,-2.0078,walk
664.171,-3.0211,unknown
2669.881,-1.8961,walk
2360.941,-1.5302,walk
2876.961,-6.5382,trot
3810.251,-2.8168,unknown
3214.471,-3.503,unknown
3141.631,-2.9389,walk
1985.441,-2.8521,unknown
998.441,-3.9352,walk
2192.901,-2.8832,walk
2714.181,-1.5081,walk
1798.391,-2.7071,unknown
2405.851,-3.6117,walk
332.851,-1.8499,unknown
2694.781,-2.0619,walk
2052.931,-4.6002,walk
312.411,-1.4657,unknown
3779.871,-3.008,unknown
482.211,-0.9921,unknown
338.371,-1.8575,unknown
2195.721,-0.682,walk
3887.541,-1.3504,unknown
2105.191,-4.1926,walk
3711.301,-1.6099,walk
226.801,-1.2467,unknown
1722.341,-0.313,walk
2875.991,-0.3088,trot
861.491,-3.1728,unknown
216.071,-1.2987,unknown
456.691,-2.2771,unknown
923.191,-4.3025,walk
3130.091,-4.3803,walk
2581.131,-3.076,walk
1076.491,-3.9822,walk
630.541,-2.7922,unknown
1577.461,1.8325,trot
643.061,-2.7684,unknown
3767.491,-0.7728,unknown
2430.251,-1.5102,walk
2658.551,-4.0999,walk
2705.351,-0.7924,walk
1243.681,-5.3531,walk
1005.701,-4.6102,walk
606.851,-3.3489,unknown
3683.341,-2.6929,walk
3709.981,-2.591,walk
522.811,-1.1396,unknown
3597.471,0.6157,walk
1692.621,0.8831,walk
1687.581,-5.1177,walk
3323.971,-3.9939,walk
1535.961,2.1425,trot
1750.201,-3.825,walk
2675.321,-3.7637,walk
2457.701,-1.6114,walk
3753.571,-2.2249,walk
1969.031,-2.5294,unknown
1118.791,-4.0305,walk
2038.551,-4.1701,walk
1011.491,-1.5618,walk
1185.181,-3.3015,walk
3733.361,-4.7879,walk
1762.791,0.2723,walk
2920.561,1.3583,walk
708.351,-2.919,unknown
616.051,-2.1562,unknown
3832.631,-1.5935,unknown
2763.391,0.7563,trot
849.661,-2.9186,unknown
2571.411,-1.8443,walk
828.321,-2.8252,unknown
3791.641,-2.7324,unknown
3363.541,-3.3485,walk
186.871,-1.3312,unknown
1845.641,-2.6079,unknown
2632.241,-2.7774,walk
3158.511,-0.57,unknown
2948.791,-3.8979,unknown
786.651,-2.9297,unknown
942.381,-4.5042,walk
3015.721,-1.2183,walk
1877.061,-2.7568,unknown
3275.911,-5.8736,walk
1783.811,-1.9489,walk
3666.741,-3.0146,walk
555.501,-2.7265,unknown
1058.031,-4.305,walk
3264.381,4.9134,unknown
3320.941,-3.8962,walk
759.311,-2.9047,unknown
3309.191,-4.1728,walk
125.961,-1.5695,unknown
2991.331,-3.7219,walk
2564.941,-3.6766,walk
2121.921,-4.5289,walk
1928.791,-2.7638,unknown
3278.721,-4.113,walk
2211.411,-1.4105,walk
3162.771,-4.3644,walk
1570.751,-2.7375,trot
15.111,-1.4529,unknown
2476.331,-2.7179,walk
1496.701,-0.7944,walk
2912.951,1.277,trot
503.241,-1.2861,unknown
62.381,-1.4329,unknown
3619.471,9.9127,trot
3810.781,-2.8548,unknown
398.651,0.9258,unknown
157.581,-5.446,unknown
48.551,-1.2432,unknown
3140.541,1.1009,walk
870.421,-2.9955,unknown
2762.631,-9.8243,trot
2497.841,-0.5662,walk
2801.011,-2.1858,walk
158.391,-0.785,unknown
3839.981,-1.3692,unknown
3296.591,-3.8659,unknown
2315.121,-0.9735,walk
3546.881,2.9903,trot
459.811,-1.498,unknown
3285.911,-4.6382,walk
2084.001,-1.3503,walk
326.541,-1.4329,unknown
2920.651,-4.1356,walk
1673.351,-4.6052,walk
618.941,-0.9314,unknown
523.871,-1.1469,unknown
1926.001,-2.767,unknown
381.251,-2.3021,unknown
3443.411,-3.2523,walk
2146.321,-5.2729,walk
2778.231,-3.1037,trot
3258.231,-8.5347,unknown
2938.041,2.6706,unknown
2698.971,-2.0749,walk
2066.491,-0.7529,walk
1469.871,-3.9385,walk
2105.951,-1.0104,walk
506.511,-1.2051,unknown
2060.921,-2.6942,walk
3229.091,-3.4184,walk
1435.901,-2.3014,walk
42.601,-1.5798,unknown
854.831,-2.884,unknown
2219.061,-3.0399,walk
2389.921,-4.5744,walk
3045.411,-4.5203,walk
1504.961,-1.9862,walk
3281.561,-1.749,walk
3060.281,-2.9104,walk
3310.471,-2.3858,walk
3396.381,-2.4738,unknown
695.881,-2.877,unknown
436.701,-2.5458,unknown
3152.641,0.2892,unknown
1391.861,-2.8369,walk
3286.511,-1.7615,walk
2262.651,-1.9992,walk
1297.961,-2.302,walk
3743.601,-1.75,walk
941.581,-1.8413,walk
1091.791,-4.3305,walk
1863.461,-3.0118,unknown
1763.311,-4.3815,walk
3064.081,-2.5066,walk
3066.571,-2.7446,walk
1180.091,-3.6894,walk
1521.481,-3.6805,walk
2920.741,-5.6608,walk
513.751,-1.3296,unknown
2195.571,-2.2334,walk
218.901,-1.3416,unknown
607.601,-2.7323,unknown
2060.731,-0.6951,walk
3446.071,-2.3597,walk
1885.481,-2.7491,unknown
1131.711,-2.2554,walk
153.001,-1.0583,unknown
991.101,-4.3288,walk
1971.571,-2.9531,unknown
2854.081,-2.595,walk
348.141,-2.0689,unknown
2032.001,-2.0882,walk
3430.371,-0.8259,walk
3721.911,-2.9676,walk
2846.491,-4.2327,walk
1214.691,-2.6538,walk
309.841,-9.7612,unknown
3548.981,5.2224,trot
3304.491,-2.254,walk
3534.091,-4.1401,walk
1213.401,-4.9212,walk
1027.031,-3.1718,walk
3793.441,-2.9056,unknown
2614.601,-3.995,walk
2885.021,-3.9606,walk
3685.421,-4.2831,walk
3790.971,-2.9849,unknown
3810.171,-2.8269,unknown
1832.301,-2.8008,unknown
1110.911,-3.6431,walk
3511.321,-8.3243,trot
2942.781,-5.1735,unknown
3250.861,-1.9605,walk
1073.281,-0.1865,walk
1741.701,-2.1982,walk
3793.611,-2.6732,unknown
3268.021,-0.7433,walk
1847.371,-2.7478,unknown
292.951,-1.9338,unknown
2556.591,-3.771,walk
164.181,-1.4579,unknown
293.921,-1.5369,unknown
1709.401,-1.8601,walk
3458.211,-0.2518,walk
1896.481,-2.8653,unknown
694.831,-2.9166,unknown
2554.631,-1.3583,walk
2426.901,-5.3276,walk
2049.971,-3.454,walk
3347.111,-1.8997,walk
627.451,-2.3714,unknown
3676.801,-0.5474,walk
1679.501,-2.3481,walk
556.571,-1.5902,unknown
66.401,-1.9434,unknown
18.561,-2.643,unknown
1398.441,-1.9782,walk
3455.001,-4.1752,walk
1692.991,-4.5429,walk
2403.761,-4.4253,walk
1174.161,-3.4244,walk
786.341,-2.8889,unknown
732.491,-2.8856,unknown
3337.111,-1.7879,walk
3031.951,-3.3487,walk
111.201,-1.0202,unknown
2244.531,-2.0898,walk
3288.561,-1.181,walk
3789.311,-2.7946,unknown
1853.111,-2.6803,unknown
1005.201,-3.8489,walk
1891.891,-2.6104,unknown
1924.321,-2.8511,unknown
3378.981,-1.4391,walk
2294.591,-3.2899,walk
1011.301,0.6204,walk
394.061,3.7281,unknown
486.131,-1.0128,unknown
885.221,-2.7501,unknown
452.691,-1.6846,unknown
389.541,0.4322,unknown
139.171,-1.0819,unknown
3228.431,-0.9191,walk
2624.121,-3.9904,walk
2666.441,-4.8025,walk
1463.241,-4.2036,walk
2903.271,-2.9605,walk
3755.371,-6.3735,walk
1244.141,-3.1943,walk
2385.391,-1.8899,walk
1712.091,-2.6687,walk
1467.811,-4.5394,walk
2280.971,-4.3017,walk
281.941,-1.2596,unknown
3148.441,-2.8599,walk
2035.241,-1.4774,walk
2703.081,-1.5142,walk
878.281,-2.7205,unknown
3695.011,-0.9042,walk
1280.011,-3.8179,walk
3788.521,-2.6771,unknown
2240.851,-2.8919,walk
1653.631,-4.2307,walk
4.311,-0.8848,unknown
2497.141,2.9053,walk
3829.391,-1.6267,unknown
3384.131,-1.9825,walk
390.441,-0.124,unknown
843.241,-1.9894,unknown
2094.601,-2.6611,walk
326.591,-1.0096,unknown
2471.431,-1.7916,walk
256.801,-1.2602,unknown
3739.391,-2.3743,walk
3347.851,-2.817,walk
274.181,-1.1929,unknown
1624.901,0.5179,trot
1852.521,-2.7313,unknown
510.711,-0.4586,unknown
2018.671,-4.7201,walk
516.151,-1.3761,unknown
674.631,-2.9115,unknown
463.591,-1.843,unknown
3236.161,-3.9258,walk
888.911,-2.935,unknown
100.861,-0.6925,unknown
3140.331,-3.3334,walk
2378.451,-5.1758,walk
325.931,-1.2512,unknown
192.821,-1.2613,unknown
405.821,-2.1715,unknown
1141.491,-3.3811,walk
306.001,-1.2743,unknown
2082.371,-2.2762,walk
2097.921,-2.7872,walk
3709.401,-1.3623,walk
1076.971,-1.4519,walk
1062.131,-3.4662,walk
1569.981,-8.425,trot
1115.721,-3.1766,walk
2884.801,-2.6215,walk
2468.571,-3.5411,walk
2553.801,-3.0867,walk
1742.051,-4.5784,walk
1767.671,-4.4583,walk
434.401,-1.5049,unknown
1088.771,-1.0218,walk
77.301,-1.2039,unknown
1199.901,-0.7411,walk
1344.951,-3.0546,walk
1539.261,-3.9023,trot
516.101,-1.1176,unknown
1323.371,-3.0754,walk
2448.541,-1.4999,walk
2861.881,2.9417,trot
793.351,-2.8443,unknown
2166.311,-2.5641,walk
3068.111,-4.6483,walk
329.811,-1.4433,unknown
3132.401,-3.0504,walk
2921.261,-4.6808,walk
649.461,-2.9111,unknown
1862.371,-1.4873,unknown
2048.561,-1.8907,walk
3090.081,-4.6499,walk
1402.561,-3.8696,walk
603.801,-2.743,unknown
446.521,-1.7782,unknown
2988.981,-1.6043,walk
3635.651,-1.1003,trot
3285.941,-4.5248,walk
1481.641,-3.144,walk
3565.341,-2.2471,unknown
1991.091,-3.6657,unknown
3599.571,-2.3861,walk
778.871,-2.9416,unknown
1114.501,-1.6081,walk
3636.501,3.6941,trot
2132.441,-2.8001,walk
3187.171,-3.4071,walk
1874.921,-2.7529,unknown
740.621,-2.9754,unknown
234.241,-1.2716,unknown
1301.671,-1.3633,walk
3797.541,-3.4213,unknown
120.431,-1.3664,unknown
179.791,-0.9132,unknown
2499.261,-2.754,walk
3100.501,-4.3579,walk
451.371,-1.8342,unknown
555.421,-4.9091,unknown
456.991,2.2034,unknown
3138.941,-1.3937,walk
1140.161,-4.0143,walk
3338.031,-1.2949,walk
840.721,-2.8469,unknown
3039.741,-1.5384,walk
364.191,-3.1625,unknown
3060.331,-4.4458,walk
1494.661,-2.9821,walk
3330.091,-5.2836,walk
1988.421,-2.8281,unknown
3370.131,-3.5065,walk
336.011,-1.3644,unknown
3219.891,-2.5972,walk
1442.291,-4.3731,walk
3012.241,-2.194,walk
3668.601,-2.4237,walk
2721.021,-1.8655,walk
1639.281,5.8606,trot
3045.871,-3.3651,walk
723.971,-2.9087,unknown
2447.291,-1.9741,walk
1321.131,-2.2276,walk
605.691,-3.4245,unknown
3716.201,-3.422,walk
898.081,-2.9413,unknown
1763.621,-4.4443,walk
3478.561,-4.4131,unknown
3124.921,-1.3127,walk
31.691,-1.3391,unknown
1178.451,-1.767,walk
2543.901,0.7722,walk
1543.671,8.8722,trot
1454.901,-4.7533,walk
1051.801,-3.0817,walk
421.971,-1.4762,unknown
3435.061,-3.054,walk
1110.581,-4.228,walk
1113.441,-0.8101,walk
828.361,-2.9187,unknown
1510.131,-9.8125,trot
2609.641,-1.5694,walk
1441.321,-3.1485,walk
2712.661,-1.9423,walk
47.361,-1.2152,unknown
2028.521,-4.8159,walk
1966.571,-2.8698,unknown
1218.551,-4.2927,walk
44.221,-1.3527,unknown
106.841,-1.3268,unknown
1515.621,-1.099,trot
3082.491,-3.2498,walk
1751.051,-2.343,walk
1576.081,-3.8672,trot
2561.791,-1.4965,walk
1243.261,-4.8935,walk
2540.881,-0.3644,walk
480.351,-1.4352,unknown
2178.401,-2.7203,walk
1782.081,-1.2803,walk
3605.961,-1.6557,unknown
2738.631,-9.4978,unknown
1198.471,-3.0725,walk
147.751,-0.7499,unknown
1076.611,-2.456,walk
2368.341,-4.9967,walk
1889.071,-2.7686,unknown
2120.511,-3.9464,walk
1673.531,-0.5351,walk
1830.051,-2.8359,unknown
1343.481,-3.2202,walk
1936.651,-2.9654,unknown
3337.341,-2.3372,walk
2923.251,-1.8841,walk
1384.561,-4.6628,walk
432.251,-1.2244,unknown
1241.951,-4.6839,walk
3809.441,-2.926,unknown
3258.411,0.4633,unknown
3161.201,-1.9861,walk
761.661,-1.9693,unknown
1640.201,5.2399,trot
2133.551,-3.1261,walk
1717.941,-3.2521,walk
2645.051,-3.411,unknown
269.721,-1.3759,unknown
110.941,-0.6917,unknown
1904.431,-5.1636,unknown
3343.681,-2.2679,walk
40.991,-1.3077,unknown
2095.991,-2.4894,walk
1069.381,-0.9874,walk
3459.771,-3.6069,walk
130.781,-0.9224,unknown
2788.331,5.7413,trot
3106.701,-4.0918,walk
138.671,-1.3822,unknown
590.941,-2.5849,unknown
426.251,-0.8771,unknown
2229.781,-3.271,walk
293.121,-0.5299,unknown
1679.091,-3.6847,walk
3852.991,-1.3826,unknown
1284.731,-1.1136,walk
3102.541,-1.704,walk
3841.981,-1.0739,unknown
2266.731,-2.5714,walk
3834.661,-2.475,unknown
921.901,-3.9597,walk
2192.471,-3.8492,walk
3314.521,-1.8002,walk
3166.921,-3.5767,stand
3200.751,-3.2413,walk
2792.241,-0.5718,walk
315.771,-1.2154,unknown
615.081,-3.3537,unknown
429.591,-1.3132,unknown
2713.171,-2.303,walk
3014.981,-2.0776,walk
1073.911,-2.7178,walk
426.221,-1.5423,unknown
609.921,-2.8058,unknown
2527.941,-2.1273,walk
230.571,-1.2882,unknown
1451.931,-5.3162,walk
3403.901,4.1108,unknown
426.311,-1.3418,unknown
3168.171,-2.929,stand
1583.321,2.7918,trot
2004.351,-2.8285,unknown
3031.381,-1.399,walk
785.901,-2.8749,unknown
2855.811,-0.7682,walk
2548.231,-2.6324,walk
531.561,-1.2681,unknown
1994.221,-2.5426,unknown
1650.211,-4.147,walk
2506.381,-1.6607,walk
271.551,-1.1531,unknown
3335.461,-2.1057,walk
647.421,-2.9263,unknown
706.031,-2.877,unknown
1780.221,-3.637,walk
602.121,-2.7452,unknown
3129.491,-1.0095,walk
1782.451,-3.5892,walk
2456.031,-0.6027,walk
2112.341,-5.6997,walk
1356.161,-1.1421,walk
786.581,-2.9393,unknown
1609.231,3.2968,trot
1267.171,-0.3826,walk
3826.371,-1.7883,unknown
1549.021,-5.3847,trot
489.301,-1.1811,unknown
1502.981,-3.7828,walk
336.121,-1.8361,unknown
473.591,-1.5119,unknown
2255.251,-2.1881,walk
298.371,-2.1373,unknown
1527.481,-4.8638,walk
2327.881,-1.4477,walk
3752.121,-2.579,walk
497.741,-1.5094,unknown
103.031,-0.8486,unknown
3343.831,-3.3682,walk
2244.151,-2.6833,walk
903.831,-3.4247,unknown
2063.081,-2.6948,walk
2452.041,-1.9325,walk
2586.941,-9.3229,walk
1895.151,-2.6395,unknown
2049.341,-2.9719,walk
1134.191,-4.0122,walk
1149.951,-4.5747,walk
1138.311,-3.3724,walk
3179.631,-4.8209,walk
1448.111,-3.1217,walk
3096.701,-4.9297,walk
1074.681,-0.4336,walk
440.091,-0.8934,unknown
3021.761,-4.4044,walk
2727.181,-3.3196,walk
2435.621,-0.0508,walk
889.881,-2.9298,unknown
3270.521,-5.3815,walk
1144.251,-3.0238,walk
1810.941,-2.6751,unknown
3712.381,-2.6254,walk
1868.001,-2.6404,unknown
267.641,-1.2689,unknown
1776.871,-4.1771,walk
2950.971,-5.0935,unknown
868.101,-2.8917,unknown
1316.481,-1.9531,walk
1992.681,-2.7279,unknown
289.451,-1.0468,unknown
780.931,-2.8693,unknown
1382.121,-3.8631,walk
1146.811,-3.7782,walk
1848.271,-2.7168,unknown
3588.161,-9.7478,trot
1968.361,-2.71,unknown
3577.301,-4.7509,unknown
3319.691,-4.0862,walk
778.801,-2.8767,unknown
1248.191,-2.9689,walk
3881.711,-1.3564,unknown
2904.781,0.3256,walk
2176.351,-3.3601,walk
211.741,-1.3005,unknown
1965.401,-2.7206,unknown
2035.161,-1.1025,walk
1278.211,-3.649,walk
2683.651,-3.7253,unknown
262.471,-1.6511,unknown
3643.331,-4.3802,walk
681.261,-2.7766,unknown
394.021,-2.8437,unknown
1786.041,-3.3876,walk
821.081,-3.2355,unknown
696.721,-2.9244,unknown
2708.121,-1.2734,walk
2305.401,-4.1696,walk
3419.741,-3.1919,unknown
2814.301,-1.6306,trot
3535.271,-2.6011,walk
3771.971,-2.4952,unknown
3265.251,-4.5226,walk
1388.601,-3.6792,walk
3059.941,-1.0721,walk
1775.421,-2.2507,walk
2917.981,-1.5767,walk
2759.161,-1.6091,trot
539.961,-0.5547,unknown
1095.011,-2.2043,walk
3194.751,-2.3001,walk
1466.491,-4.9915,walk
1212.271,-2.1094,walk
1732.211,0.5156,walk
2859.801,1.6464,walk
3770.421,-1.5132,unknown
3447.281,-1.8796,walk
1023.961,-3.8042,walk
2798.681,-1.2408,walk
996.521,-0.8149,walk
1487.561,-1.8453,walk
2210.101,-2.4107,walk
816.871,-2.7623,unknown
332.731,-0.5013,unknown
3729.401,-1.7448,walk
1479.971,-2.6672,walk
569.581,-2.9977,unknown
2484.441,-1.8449,walk
3023.011,-3.5171,walk
1472.521,-1.0075,walk
2380.311,-3.0062,walk
3489.031,-3.9756,unknown
3365.331,-4.0206,walk
917.431,-2.7817,unknown
2287.001,-2.987,walk
2352.171,-4.1863,walk
971.941,-1.7906,walk
2457.761,-0.4437,walk
384.841,3.3743,unknown
1162.531,-3.2791,walk
2220.681,-2.2325,walk
1038.941,-2.9288,walk
3230.921,-1.155,walk
73.661,-1.423,unknown
1830.001,-2.6324,unknown
1131.851,-1.7067,walk
379.521,-2.7333,unknown
2408.221,-2.6915,walk
1572.031,-4.2095,trot
170.831,-0.8054,unknown
3501.971,-0.8434,trot
2232.981,-3.1582,walk
191.211,-1.3588,unknown
569.391,-3.2072,unknown
2017.131,-1.4501,walk
3319.191,-2.8461,walk
1151.821,-2.6228,walk
2687.171,-2.2236,walk
1164.341,-2.4683,walk
1889.201,-2.639,unknown
957.941,-3.5105,walk
3595.381,-3.3332,walk
3701.441,-2.5146,walk
546.411,-1.1748,unknown
392.691,-0.04,unknown
3132.731,-0.6834,walk
3364.501,0.4708,walk
3136.871,-2.4513,walk
1297.431,-4.5476,walk
472.591,-1.5197,unknown
1244.611,-4.0805,walk
1049.361,-5.4104,walk
3495.471,-8.0519,trot
3444.451,-4.5059,walk
496.651,-1.2135,unknown
3836.671,-0.0672,unknown
2522.101,-4.0878,walk
579.941,-2.8445,unknown
3.451,5.9052,unknown
83.681,-1.1415,unknown
2394.421,-4.8787,walk
50.091,-1.4078,unknown
3672.541,-3.3688,walk
381.151,1.0584,unknown
3116.381,-0.9185,trot
3479.081,-3.8093,unknown
320.551,-2.0847,unknown
3182.311,-2.0236,walk
2380.971,-4.531,walk
3852.621,-1.4924,unknown
1539.571,-6.3905,trot
3049.551,-4.9781,walk
3581.651,-8.6669,trot
2951.431,1.1156,unknown
3181.581,-1.706,walk
2744.751,-3.2152,trot
1903.511,-2.7831,unknown
2536.171,-1.9638,walk
3115.481,-4.6239,trot
3017.021,-4.3179,walk
1175.171,-1.9188,walk
962.271,-1.6613,walk
3769.711,-4.7595,unknown
3173.261,-0.0083,walk
1838.731,-2.7282,unknown
746.651,-2.9166,unknown
2442.861,-1.6719,walk
3148.311,-3.7016,walk
2155.011,-4.6438,walk
213.801,-1.2962,unknown
534.891,-1.016,unknown
22.171,-1.2418,unknown
2064.881,-5.2335,walk
1829.821,-2.6108,unknown
1074.031,-3.9912,walk
569.731,-3.4667,unknown
683.271,-2.9858,unknown
1051.731,-0.684,walk
1437.731,-1.5508,walk
513.211,-1.2826,unknown
654.011,-2.7722,unknown
681.301,-3.0438,unknown
2496.001,-8.2475,walk
39.241,-1.5782,unknown
47.661,-1.5765,unknown
329.191,-0.1481,unknown
2880.371,-0.9225,walk
3223.471,-4.5346,walk
248.801,-1.3285,unknown
1452.181,-2.8811,walk
3640.801,-9.6829,trot
2946.211,-4.7498,unknown
1913.271,-2.7712,unknown
2392.111,-4.8098,walk
222.271,-1.2518,unknown
1552.291,-2.271,trot
2719.681,-2.9745,walk
1225.701,-2.8684,walk
3584.931,-7.8328,trot
3890.061,-1.3143,unknown
3397.051,-7.3301,unknown
868.501,-2.9679,unknown
3571.151,-4.864,unknown
1791.871,-2.72,unknown
761.531,-1.1894,unknown
184.701,-1.3558,unknown
1152.221,-3.512,walk
1568.031,4.9123,trot
1901.271,-2.8141,unknown
3463.411,-4.1452,walk
2092.781,0.3971,walk
1957.371,-2.7353,unknown
348.931,-1.6852,unknown
3599.001,-3.4495,walk
1915.411,-2.8219,unknown
1446.491,-1.7042,walk
1873.721,-2.7621,unknown
2252.981,-1.342,walk
1532.641,-5.4039,walk
1835.971,-2.8098,unknown
433.871,-4.1214,unknown
3388.271,-3.9489,walk
1591.241,-1.0991,trot
805.391,-2.9089,unknown
2409.201,-3.0817,walk
345.481,-1.5834,unknown
1208.981,-2.1401,walk
3284.971,-4.493,walk
479.681,-1.386,unknown
3232.881,-1.5816,walk
1303.621,-4.4344,walk
3188.791,-4.6295,walk
3667.811,-5.1257,walk
2214.611,-1.1441,walk
1837.401,-2.8564,unknown
2403.831,-1.951,walk
2846.331,-3.9047,walk
2320.211,-5.0984,walk
2291.241,-1.7693,walk
2911.601,-1.1904,trot
3619.111,-2.9938,trot
2248.331,-3.5521,walk
786.941,-2.906,unknown
1998.801,-2.872,unknown
1974.751,-2.989,unknown
3101.781,-2.3511,walk
1399.871,-3.8256,walk
906.221,-2.9416,unknown
3042.411,-3.3795,walk
2049.781,-3.4183,walk
3057.141,-2.7757,walk
3851.601,-1.4001,unknown
2390.881,-3.3142,walk
3662.211,-0.5493,walk
185.911,-1.4588,unknown
3513.781,-8.0395,trot
880.901,-3.1026,unknown
1631.861,-8.334,trot
1853.231,-2.7704,unknown
62.191,-1.5095,unknown
1997.961,-2.7628,unknown
2205.821,-1.2582,walk
3433.061,-4.1704,walk
2388.591,-4.0018,walk
1099.741,-3.2071,walk
383.171,-1.7838,unknown
2427.541,-1.8415,walk
1296.331,-3.9544,walk
3143.401,-2.1226,walk
3171.291,-2.8143,walk
2618.981,-4.1085,walk
2169.721,-1.9759,walk
3762.981,-1.3893,unknown
3883.021,-1.2765,unknown
2021.151,-1.6181,walk
1159.391,-5.5244,walk
1501.921,-3.2097,walk
1042.351,-4.9282,walk
1809.711,-1.7463,unknown
3724.541,-4.9242,walk
2117.541,-3.3956,walk
2450.031,-1.1144,walk
1890.021,-2.6235,unknown
2016.451,-1.3285,walk
3384.941,-4.915,walk
1045.771,0.8558,walk
987.211,-3.3328,walk
1184.321,-1.0308,walk
2310.161,-1.7284,walk
1170.671,-2.2671,walk
2812.381,1.0632,trot
1367.361,-3.8772,walk
137.901,-1.5539,unknown
1238.241,-0.6449,walk
252.951,-1.2807,unknown
2160.041,-4.7967,walk
1383.611,-3.2389,walk
1150.021,-2.0739,walk
3126.011,-4.6473,walk
785.461,-2.9933,unknown
1963.621,-2.7492,unknown
768.781,-2.993,unknown
2671.471,-1.1115,walk
2508.461,-3.0194,walk
3367.411,-2.7243,walk
2477.221,-3.0759,walk
2712.481,-3.0267,walk
1105.641,-2.2866,walk
726.131,-3.0409,unknown
3655.521,-4.0013,walk
2342.721,-1.6452,walk
2712.281,-4.8789,walk
410.791,-0.1917,unknown
1466.981,-3.2204,walk
593.881,-2.8826,unknown
2408.261,-1.7281,walk
993.281,-3.1252,walk
1232.621,-4.8067,walk
366.331,0.0188,unknown
1954.071,-2.747,unknown
1155.431,-1.0599,walk
2096.111,-2.9853,walk
2033.471,-3.2012,walk
139.371,-1.076,unknown
800.271,-2.7802,unknown
3195.821,-1.5881,walk
569.111,-2.8016,unknown
549.461,-0.9993,unknown
3355.291,-4.0188,walk
61.481,-1.4065,unknown
50.901,-1.584,unknown
3330.791,-4.5782,walk
318.871,-1.1511,unknown
1523.661,-5.6063,walk
2232.931,-3.292,walk
1875.501,-2.6865,unknown
1599.851,5.6136,trot
1731.911,-1.906,walk
2628.701,-2.8034,walk
850.921,-2.8592,unknown
3349.151,-1.8014,walk
3264.701,-1.2338,unknown
1486.101,-2.6139,walk
375.741,-0.4617,unknown
495.281,-1.1842,unknown
2207.301,-1.217,walk
1470.201,-1.7548,walk
15.531,0.0322,unknown
566.461,-3.9339,unknown
1803.691,-2.5537,unknown
1991.671,-2.9222,unknown
471.641,-1.1339,unknown
725.031,-2.7239,unknown
1020.621,-5.2623,walk
701.001,-2.8585,unknown
3078.471,-1.8995,walk
3463.391,-4.5743,walk
1396.401,-2.127,walk
1644.241,-3.0335,trot
283.331,-1.2848,unknown
3680.011,-2.7173,walk
3874.781,-2.9671,unknown
2620.851,-3.2388,walk
1986.291,-2.7672,unknown
3759.331,-1.5247,unknown
2655.951,-1.8019,walk
755.391,-2.6655,unknown
3170.951,-2.8418,walk
3184.161,-2.19,walk
92.161,-0.9443,unknown
298.771,-2.0105,unknown
3730.381,-0.8976,walk
3540.231,-3.3606,walk
379.741,1.4291,unknown
1749.721,-1.3587,walk
3861.351,-1.3766,unknown
3187.991,-2.0902,walk
1994.611,-2.8552,unknown
2523.381,-0.9904,walk
1834.091,-2.9071,unknown
2939.021,-2.7311,unknown
1571.031,8.0114,trot
1492.911,-3.1432,walk
2790.941,1.0973,walk
1548.371,-8.826,trot
2927.821,-2.5477,walk
2661.581,-2.3593,walk
1873.951,-2.7617,unknown
3223.211,-3.8644,walk
815.731,-2.9122,unknown
875.711,-1.4504,unknown
1023.441,-1.4014,walk
3077.191,-2.6935,walk
2652.161,-3.0886,walk
337.231,-4.0961,unknown
3303.311,-2.9017,walk
521.211,-1.0585,unknown
1309.011,-0.1789,walk
1239.641,-3.588,walk
2119.551,-4.8015,walk
2761.251,4.0008,trot
194.361,-0.894,unknown
598.251,-2.8795,unknown
1225.781,-5.7296,walk
1118.081,0.0483,walk
1042.411,-3.8733,walk
189.431,-1.4365,unknown
1941.801,-2.7868,unknown
2775.961,-7.667,trot
1867.071,-2.6231,unknown
406.111,-7.4455,unknown
468.921,-1.4711,unknown
1935.341,-2.814,unknown
3779.631,-2.8048,unknown
154.101,-0.6284,unknown
2736.811,1.222,walk
3351.291,-4.7324,walk
1194.861,-4.0493,walk
2872.011,-6.8506,trot
1921.631,-2.8171,unknown
1453.481,-4.6865,walk
1785.271,-4.4137,walk
2165.351,-4.9396,walk
18.421,0.8065,unknown
621.541,-4.0407,unknown
2393.081,-3.0949,walk
458.031,-2.7684,unknown
3297.291,-2.4428,unknown
1102.351,-3.0589,walk
349.721,-1.6055,unknown
79.651,-1.6775,unknown
3680.641,-1.2134,walk
2103.771,-4.9277,walk
2678.231,-4.2828,unknown
2605.491,-2.0796,walk
186.271,-1.4606,unknown
2516.321,-2.8419,walk
2309.311,-2.5743,walk
943.751,-1.6098,walk
1389.271,-1.7144,walk
962.881,0.0388,walk
1514.251,-8.178,trot
297.181,-1.7631,unknown
700.001,-2.8879,unknown
3479.961,-4.8572,unknown
97.721,-1.7998,unknown
3759.591,-3.9777,unknown
468.701,-1.4493,unknown
1379.191,-2.8857,walk
1287.611,-4.3979,walk
1597.421,-5.4256,trot
1935.711,-2.7991,unknown
2480.121,1.078,walk
946.951,-2.6034,walk
2671.221,-3.8209,walk
3120.121,-1.0477,walk
3344.711,-4.7491,walk
1277.171,-2.0679,walk
2206.421,-0.2839,walk
3810.561,-2.907,unknown
2552.221,-2.3505,walk
1473.311,-2.403,walk
1921.121,-2.8086,unknown
2319.931,-2.5994,walk
1271.871,-5.168,walk
2604.041,-2.7499,walk
1892.831,-2.5098,unknown
622.451,-1.5856,unknown
1231.821,-1.5766,walk
1173.001,-3.5546,walk
3644.091,-4.495,walk
1263.371,-4.1732,walk
80.531,-1.1704,unknown
2270.591,-1.7802,walk
1487.051,-2.8742,walk
3323.211,-1.2639,walk
923.931,-5.4757,walk
2951.071,-1.2214,unknown
2628.861,-4.5975,walk
855.341,-2.8633,unknown
2405.381,-0.6548,walk
3796.511,-2.2989,unknown
23.981,-1.5441,unknown
2271.441,-3.839,walk
2400.581,-1.1259,walk
693.311,-2.943,unknown
1677.051,-3.1607,walk
225.391,-1.315,unknown
2107.491,-1.6756,walk
1116.541,-3.2412,walk
1331.701,-4.2608,walk
3597.431,-1.547,walk
3430.351,-2.7647,walk
1814.601,-2.5782,unknown
178.591,-2.7907,unknown
386.711,3.7285,unknown
176.441,-1.5186,unknown
1659.801,1.5206,walk
1199.711,-4.2636,walk
884.091,-2.6618,unknown
3709.461,-2.1644,walk
3883.571,-1.6405,unknown
460.821,-1.5585,unknown
2298.981,-2.1988,walk
3599.361,0.1246,walk
2848.291,-4.6552,walk
3474.901,-1.4986,unknown
524.931,-1.0841,unknown
3331.811,-1.1311,walk
3421.701,-0.2333,unknown
1971.161,-2.827,unknown
418.281,-1.202,unknown
480.651,-1.4783,unknown
967.461,-3.8804,walk
3020.641,-5.3682,walk
1228.371,-6.7931,walk
3814.271,-2.807,unknown
3816.491,-2.7119,unknown
3225.951,-3.2659,walk
938.111,-2.9414,walk
1904.191,-4.7599,unknown
1787.111,-1.438,walk
1600.741,-1.1296,trot
2712.881,-1.9254,walk
2385.301,0.2105,walk
3812.531,-2.8475,unknown
208.961,-1.2316,unknown
2190.731,-1.6467,walk
2874.701,4.0652,trot
830.241,-2.8947,unknown
829.361,-2.919,unknown
3569.741,-2.3658,unknown
3167.031,-3.4226,stand
1999.371,-2.6814,unknown
2293.941,-5.1905,walk
308.391,-2.5379,unknown
1430.031,-2.2821,walk
528.871,-1.1322,unknown
2923.971,-4.1533,walk
2001.381,-2.6209,unknown
2122.881,-1.735,walk
1551.061,-6.113,trot
2295.631,-3.0451,walk
983.621,-1.7079,walk
1428.111,-0.9812,walk
2722.991,-3.2998,walk
1060.521,-3.7298,walk
2735.161,-6.5476,walk
405.331,4.2472,unknown
2523.901,-1.9329,walk
656.961,-2.3618,unknown
986.671,-3.4026,walk
3277.671,-4.2546,walk
2265.221,-1.8223,walk
2946.161,-1.9985,unknown
524.941,-1.0418,unknown
1068.431,-0.1907,walk
912.931,-2.8405,unknown
1940.301,-2.6807,unknown
3451.411,-0.9213,walk
3202.471,-0.8331,walk
118.851,-1.2785,unknown
748.581,-2.8936,unknown
3297.551,0.9832,unknown
3655.191,-3.2529,walk
1460.881,-1.5481,walk
3131.291,0.1272,walk
1472.961,-1.1175,walk
3572.761,-9.8084,unknown
206.251,-1.2987,unknown
1506.521,-2.0144,walk
299.571,-6.5794,unknown
3763.471,-3.8991,unknown
1109.751,-3.2726,walk
2648.431,-4.2696,unknown
3352.021,-4.5907,walk
3069.681,-2.2397,walk
3416.571,-4.9461,unknown
335.151,-1.1966,unknown
2479.771,-2.9829,walk
838.651,-2.7749,unknown
471.821,-1.2237,unknown
412.131,1.0119,unknown
3424.271,-5.4576,unknown
335.981,-1.6738,unknown
12.891,-1.0069,unknown
601.161,-2.6591,unknown
1776.121,-4.572,walk
3616.131,4.7023,trot
1632.631,5.37,trot
1773.481,-2.8449,walk
2209.321,-3.6303,walk
3146.211,-1.6797,walk
3791.021,-3.0848,unknown
196.611,-1.2363,unknown
217.371,-1.351,unknown
366.081,-1.7177,unknown
1979.661,-2.7729,unknown
1317.641,-2.0569,walk
2809.391,2.585,walk
3309.241,-4.2302,walk
1060.791,-3.5883,walk
2255.671,-2.5137,walk
1735.631,-3.6395,walk
2778.651,9.9281,trot
2469.681,-4.0451,walk
3018.301,-4.6228,walk
662.831,-2.8202,unknown
470.141,-1.0599,unknown
2366.921,-4.0371,walk
995.481,-5.3781,walk
480.841,-0.9191,unknown
1759.621,-2.3736,walk
793.441,-2.844,unknown
3774.511,-2.4202,unknown
819.341,-2.8802,unknown
3077.361,-1.9938,walk
1960.281,-2.7869,unknown
1807.101,-2.5113,unknown
174.271,-1.4091,unknown
258.111,-1.0504,unknown
14.701,1.987,unknown
350.791,-0.814,unknown
2527.281,-3.6897,walk
2415.461,0.9037,walk
2522.821,-2.9198,walk
1231.961,-3.0444,walk
3639.811,-3.6208,trot
53.361,-1.4872,unknown
3422.001,-2.4237,unknown
3438.671,-2.8814,walk
327.361,-1.4156,unknown
2192.291,-2.9204,walk
1150.591,-3.5059,walk
895.401,-2.4964,unknown
3890.011,-1.3132,unknown
3044.381,-2.5313,walk
1907.561,-2.8852,unknown
327.511,-1.3255,unknown
3187.721,-2.9063,walk
397.831,-7.7735,unknown
889.761,-2.9218,unknown
1005.311,-3.4581,walk
687.001,-2.8385,unknown
3573.981,-3.1167,unknown
1791.761,-2.8989,unknown
810.671,-2.9048,unknown
2567.111,-0.9683,walk
1147.681,-1.7494,walk
1267.271,-5.5587,walk
2702.501,-3.2046,walk
2511.971,-3.3306,walk
812.751,-2.9058,unknown
3672.921,0.1808,walk
2588.061,-6.9759,walk
3646.801,-3.9657,walk
2495.631,-5.8213,walk
3381.961,-2.6089,walk
2426.161,-4.8903,walk
262.951,-1.3334,unknown
2486.701,-1.3084,walk
1884.951,-2.8649,unknown
1610.951,2.2805,trot
3741.771,-2.3414,walk
51.091,-1.4075,unknown
2040.101,-3.4809,walk
1639.221,4.5837,trot
637.291,-2.8605,unknown
390.181,-2.2477,unknown
337.211,-4.377,unknown
2131.071,-2.8167,walk
2386.891,-1.1023,walk
1166.871,-1.5122,walk
453.711,-1.9576,unknown
2707.831,-2.8203,walk
3117.181,-2.383,walk
1680.821,-3.1851,walk
1542.331,-6.6832,trot
3024.311,-2.574,walk
17.391,-0.187,unknown
3560.441,-3.0959,unknown
2215.211,-3.5836,walk
126.331,-1.2294,unknown
621.461,-3.0813,unknown
3135.791,-3.6309,walk
3039.201,-2.5969,walk
998.601,1.0519,walk
3887.921,-1.2864,unknown
3463.871,-1.6014,walk
2605.521,-0.0587,walk
1343.531,-0.5195,walk
2046.741,-2.1288,walk
487.291,-1.3916,unknown
2409.871,-4.4629,walk
336.551,-0.2919,unknown
2740.191,-0.6651,unknown
3468.981,-8.6616,unknown
236.171,-1.268,unknown
881.641,-2.6095,unknown
717.501,-2.7559,unknown
3082.771,-1.493,walk
2077.591,-1.2877,walk
883.591,-2.8645,unknown
1251.791,-3.1258,walk
1287.411,-2.8337,walk
2482.911,-0.9271,walk
365.431,-1.069,unknown
2260.781,-2.5673,walk
129.661,-1.108,unknown
2682.861,-6.2952,unknown
1765.121,-3.8031,walk
408.271,-3.7013,unknown
3344.661,-0.9542,walk
1622.501,-7.0489,trot
3644.461,-5.4254,walk
1657.341,-3.0441,walk
708.781,-2.8599,unknown
3438.491,-4.4206,walk
1540.871,3.0801,trot
158.651,-1.234,unknown
3840.991,-1.2737,unknown
2795.541,-1.9632,walk
379.181,-9.222,unknown
5.131,-1.23,unknown
2803.101,-1.0866,walk
1450.261,-2.9104,walk
631.101,-2.7551,unknown
1895.291,-2.7244,unknown
2283.741,-0.6063,walk
2628.631,0.5776,walk
344.681,-1.5646,unknown
621.851,-2.56,unknown
3085.861,0.1046,walk
2530.891,-1.1099,walk
3296.471,-1.3784,unknown
1833.371,-2.6221,unknown
2115.951,-2.4016,walk
2217.251,-2.4376,walk
3315.011,-5.648,walk
2182.861,-3.1551,walk
1767.791,-3.7935,walk
1761.631,-2.6675,walk
2308.251,-2.1292,walk
2151.521,-3.5376,walk
894.121,-2.7803,unknown
2225.131,-3.0224,walk
390.211,-2.724,unknown
2089.671,-1.5841,walk
3845.601,-1.3727,unknown
2238.831,-2.2641,walk
2027.971,-3.0166,walk
2730.061,-4.9603,walk
3391.361,-1.3965,walk
553.431,-1.8515,unknown
271.881,-1.2517,unknown
2617.351,-4.1544,walk
1254.661,-0.0629,walk
2531.081,-4.0457,walk
2691.571,-0.7664,walk
563.311,-1.916,unknown
1225.931,-3.8485,walk
1740.611,-1.112,walk
1301.541,-3.7535,walk
291.391,-1.3943,unknown
2185.041,0.4606,walk
2746.001,-0.3221,trot
2040.441,-4.612,walk
3398.691,-4.7517,unknown
2087.531,-4.1761,walk
1287.311,-4.4622,walk
73.741,-1.4014,unknown
2397.321,-5.2718,walk
1555.211,-9.1433,trot
686.221,-2.8176,unknown
1894.761,-2.7545,unknown
1881.231,-2.8337,unknown
1057.611,-1.0693,walk
3406.961,-6.4524,unknown
3830.351,-2.3445,unknown
3491.971,-7.2448,trot
2119.711,-1.6977,walk
310.441,-4.2174,unknown
2725.921,-2.6983,walk
2412.721,-5.1548,walk
3407.211,-1.3448,unknown
3336.431,-0.9541,walk
95.851,-1.3522,unknown
1421.411,-5.2595,walk
2737.231,-1.6394,walk
1896.001,-2.758,unknown
57.511,-1.358,unknown
1950.321,-2.8745,unknown
1339.471,-2.1191,walk
2758.631,-4.3183,trot
1143.481,-4.4994,walk
851.891,-2.9469,unknown
1181.921,-4.7026,walk
769.441,-2.9833,unknown
59.601,-1.3522,unknown
1377.781,-0.933,walk
2183.491,-0.6818,walk
454.261,-0.0555,unknown
3451.291,-1.3057,walk
238.681,-2.4282,unknown
1181.081,-0.876,walk
2589.221,-4.4156,walk
1426.061,-3.5835,walk
3165.251,-2.911,walk
1338.171,-1.1776,walk
954.531,-5.7047,walk
1798.431,-2.8243,unknown
3185.261,-4.5567,walk
1428.261,-3.7996,walk
804.161,-2.9396,unknown
2453.081,-6.0985,walk
2439.271,-0.1323,walk
537.371,-0.8791,unknown
1793.791,-2.8088,unknown
3301.621,-1.1788,walk
974.591,-4.5256,walk
3126.041,-4.7894,walk
1759.831,-3.2518,walk
2226.961,-1.9662,walk
2606.421,-4.0538,walk
3662.811,-3.319,walk
2817.121,1.6109,trot
3691.831,-1.7519,walk
1032.261,-3.7123,walk
3453.651,-2.8246,walk
1333.811,-4.6326,walk
207.841,-1.3621,unknown
3083.161,-0.5592,walk
891.771,-2.9998,unknown
3430.791,-0.4377,walk
1137.831,-0.8255,walk
1899.821,-2.7357,unknown
3866.731,-1.1894,unknown
2235.621,-3.3969,walk
1043.471,-4.0756,walk
2462.031,-1.0575,walk
1354.901,-1.78,walk
257.441,-1.1093,unknown
491.401,-1.2406,unknown
1100.341,-2.0031,walk
2394.561,-2.3778,walk
1002.591,-3.1726,walk
3384.321,-2.3531,walk
2519.211,-4.1261,walk
498.581,-1.9785,unknown
3520.961,-6.5403,trot
3625.661,-6.2636,trot
783.761,-2.9612,unknown
665.931,-2.9037,unknown
5.511,-1.9214,unknown
3083.471,-1.5291,walk
2365.611,-1.0962,walk
3531.901,-2.795,walk
604.301,-2.6908,unknown
2082.051,-3.0721,walk
3646.031,-3.9658,walk
192.431,-1.9907,unknown
2349.021,-1.9471,walk
1801.761,-2.6646,unknown
2393.881,-3.6416,walk
719.451,-3.0027,unknown
2523.721,-3.743,walk
2707.951,-4.0823,walk
3680.741,-1.2514,walk
479.761,-2.6231,unknown
2380.241,-2.9019,walk
3007.361,-0.244,walk
1700.941,-4.0845,walk
1477.071,-3.42,walk
304.831,-1.219,unknown
783.781,-2.9368,unknown
2288.251,-1.3134,walk
1823.451,-2.9732,unknown
2976.361,1.5721,trot
3710.151,-3.5394,walk
1019.911,-4.6518,walk
3685.801,-1.2407,walk
372.791,-1.4103,unknown
3889.391,-1.2938,unknown
993.171,-2.4819,walk
2081.701,-3.5333,walk
3751.071,-3.2483,walk
2869.631,-0.8027,trot
3805.751,-2.8874,unknown
2673.261,-3.0538,walk
1656.221,-5.1789,walk
1218.001,-3.1838,walk
421.761,-0.9991,unknown
1772.991,-1.9191,walk
1559.561,8.6227,trot
2912.611,-6.996,trot
336.351,-2.1757,unknown
2667.071,-3.8081,walk
3129.691,-1.9142,walk
406.101,-6.7923,unknown
76.201,-1.2514,unknown
2028.591,-2.7897,walk
464.241,-0.6667,unknown
2049.461,-4.8647,walk
499.981,-1.6636,unknown
1616.061,0.5358,trot
3076.431,-0.7061,walk
3456.581,-1.7509,walk
3238.031,-2.2936,walk
1651.221,-2.2811,walk
1992.641,-2.7921,unknown
812.211,-2.8552,unknown
620.471,-2.4534,unknown
2043.751,-2.3659,walk
3851.001,-1.4305,unknown
857.091,-2.7239,unknown
3134.801,-4.5463,walk
3103.101,-2.9344,walk
3745.241,-2.1442,walk
3770.961,-2.2191,unknown
3811.381,-2.8635,unknown
2278.861,-0.2113,walk
148.971,-4.9815,unknown
1186.251,-2.0575,walk
495.781,-1.304,unknown
1754.141,-4.9289,walk
1992.821,-2.8793,unknown
322.681,-1.3997,unknown
1686.771,0.5883,walk
817.531,-2.6707,unknown
2529.751,-1.5216,walk
1017.611,-0.4153,walk
2852.141,-1.9145,walk
8.951,-2.1509,unknown
1463.231,-4.4377,walk
1040.441,-2.5639,walk
2946.591,-1.9865,unknown
2703.471,0.0129,walk
1192.621,-0.8821,walk
2075.911,-3.2051,walk
2788.431,2.7085,trot
507.411,-0.1656,unknown
2904.511,-5.8151,walk
265.771,-1.3358,unknown
2163.271,-1.7286,walk
767.831,-2.7782,unknown
1109.391,-4.2356,walk
3550.501,-8.18,trot
1855.711,-3.2019,unknown
1849.201,-2.7688,unknown
3403.281,-3.3856,unknown
1667.831,-1.3054,walk
841.501,-2.9481,unknown
987.811,-4.4399,walk
2039.461,-1.7269,walk
2389.791,-0.5826,walk
3224.421,-5.6457,walk
2584.541,-5.1172,walk
1822.401,-2.8259,unknown
1853.571,-2.8206,unknown
797.391,-2.9379,unknown
218.801,-1.2749,unknown
1086.031,-1.7968,walk
580.291,-2.9701,unknown
3695.711,-1.2718,walk
3698.421,-2.092,walk
788.201,-2.9213,unknown
577.741,-2.9929,unknown
2343.211,-4.9255,walk
1127.341,-5.1803,walk
3272.451,-3.4396,walk
1155.781,-3.1361,walk
2101.891,-0.9613,walk
3374.761,-3.1931,walk
728.611,-2.2762,unknown
1187.761,-4.0229,walk
2901.681,-3.7877,walk
3344.891,-3.1167,walk
785.711,-2.9255,unknown
3372.891,-2.8606,walk
2634.251,-0.9427,unknown
1814.891,-2.7511,unknown
1589.471,-9.1986,trot
2853.481,-3.8092,walk
760.641,-3.2806,unknown
1086.821,-1.9468,walk
2467.311,-0.8542,walk
2753.481,3.7377,trot
1101.831,-3.8785,walk
1805.261,-2.7066,unknown
2326.381,-3.2544,walk
1113.031,-3.8033,walk
753.561,-1.1388,unknown
343.321,-3.7931,unknown
2850.451,-4.5926,walk
3423.371,-3.2056,unknown
2950.231,-9.8657,unknown
808.621,-3.0884,unknown
2330.211,-2.8894,walk
3476.951,-0.4657,unknown
1378.521,-3.1655,walk
1797.321,-2.4975,unknown
