raceId,driverId,lap,position,time,milliseconds,seconds,log_seconds,reciprocal_seconds
194,75,24,15,1:34.862,94862,94.862,4.552423203929475,0.01054162889249647
878,815,33,12,1:42.338,102338,102.338,4.628281060485183,0.00977154136293459
882,8,13,8,1:43.216,103216,103.216,4.636823879789886,0.009688420399937994
172,14,63,5,1:16.038,76038,76.038,4.331233215327982,0.013151319077303453
354,1,67,4,1:14.102,74102,74.102,4.305442522491109,0.013494912418018406
956,4,11,19,1:12.126,72126,72.126,4.278414589550172,0.013864625793749826
114,15,66,6,1:16.008,76008,76.008,4.330838597904449,0.013156509841069362
872,4,20,4,1:34.045,94045,94.045,4.543773391122768,0.0106332075070445
1096,815,9,2,1:30.971,90971,90.971,4.510540774408486,0.01099251409789933
905,8,17,3,1:21.385,81385,81.385,4.3991909808434615,0.012287276525158198
942,826,21,3,1:49.654,109654,109.654,4.697329953906691,0.009119594360442847
63,4,9,3,1:18.614,78614,78.614,4.364549800622549,0.012720380593787365
1104,825,38,14,1:18.498,78498,78.498,4.363073146756794,0.012739178068231037
845,24,6,20,1:35.010,95010,95.01,4.553982149218658,0.010525207872855488
1107,847,61,8,1:09.658,69658,69.658,4.243597553644266,0.014355852881219672
164,57,57,7,1:21.571,81571,81.571,4.40147380664644,0.012259258805212636
916,813,46,12,1:44.829,104829,104.829,4.652330451164952,0.009539345028570338
962,13,5,9,1:54.273,114273,114.273,4.738590322423874,0.008750973545806971
950,18,10,10,1:44.783,104783,104.783,4.651891544988412,0.009543532824981152
76,30,27,13,2:03.058,123058,123.058,4.812655788945593,0.008126249410846918
67,30,38,1,1:23.069,83069,83.069,4.419671587738315,0.012038185123210825
902,155,17,19,1:41.246,101246,101.246,4.61755319903342,0.009876933409714952
225,69,66,11,1:29.328,89328,89.328,4.492314988568005,0.011194698190936773
1076,842,15,9,1:25.716,85716,85.716,4.451039505960836,0.011666433337999908
1047,840,43,9,1:42.858,102858,102.858,4.633349396253399,0.009722141204378852
11,9,42,10,1:39.742,99742,99.742,4.602586852052488,0.010025866736179343
907,820,21,19,1:18.006,78006,78.006,4.356785746808087,0.012819526703074123
217,22,6,12,1:21.722,81722,81.722,4.403323243462962,0.012236607033601724
12,69,1,15,2:26.414,146414,146.414,4.9864382253704065,0.006829947955796578
1011,847,38,17,1:39.347,99347,99.347,4.598618772266116,0.010065729211752746
132,63,21,17,1:36.872,96872,96.872,4.573390519452065,0.01032290032207449
1007,840,39,15,1:25.477,85477,85.477,4.448247333906198,0.011699053546568082
1099,839,32,8,1:34.641,94641,94.641,4.550090785971028,0.010566245073488235
1040,830,16,3,1:40.299,100299,100.299,4.608155724828458,0.00997018913448788
1102,852,45,13,1:32.193,92193,92.193,4.523884205771441,0.010846810495373836
938,817,31,10,1:48.642,108642,108.642,4.688058073066561,0.009204543362603781
90,43,39,13,1:30.050,90050,90.05,4.500365071621965,0.01110494169905608
188,23,1,4,1:36.428,96428,96.428,4.568796615873732,0.010370431824781184
226,79,19,12,1:31.778,91778,91.778,4.519372617489333,0.010895857395018414
887,13,12,22,1:37.956,97956,97.956,4.584518398257219,0.01020866511494957
1058,817,51,15,1:09.527,69527,69.527,4.241715166336985,0.014382901606570108
112,4,29,2,1:21.814,81814,81.814,4.4044483781086115,0.012222846945510549
176,71,3,8,1:22.022,82022,82.022,4.406987503963134,0.01219185096681378
900,18,10,9,1:36.655,96655,96.655,4.571147937373655,0.010346076250581966
950,837,54,21,1:43.343,103343,103.343,4.638053552822802,0.009676514132548891
351,807,48,8,1:52.693,112693,112.693,4.72466730731547,0.008873665622532011
145,50,58,12,1:26.476,86476,86.476,4.459866918792218,0.01156390212313243
865,815,53,17,1:18.624,78624,78.624,4.364676996338768,0.01271876271876272
237,83,2,19,1:38.362,98362,98.362,4.588654550610159,0.010166527724121105
31,18,15,17,1:38.538,98538,98.538,4.590442260583479,0.010148369157076459
146,54,50,10,1:14.848,74848,74.848,4.315459390401768,0.013360410431808465
1067,849,38,17,1:35.662,95662,95.662,4.5608211454139,0.010453471597917667
128,15,62,8,1:31.850,91850,91.85,4.520156811661135,0.010887316276537834
127,15,60,9,1:28.779,88779,88.779,4.4861501355443,0.01126392502731502
351,17,60,3,1:50.253,110253,110.253,4.702777724841099,0.009070047980553816
211,44,16,4,1:57.116,117116,117.116,4.76316489662431,0.008538542983025376
41,9,22,8,1:17.726,77726,77.726,4.353189821735324,0.01286570774258292
993,822,18,2,1:21.485,81485,81.485,4.400418954227952,0.012272197336933178
154,18,4,8,1:54.994,114994,114.994,4.744879953089101,0.00869610588378524
104,11,5,6,1:26.734,86734,86.734,4.462845963775836,0.011529504000737888
70,27,69,14,1:16.437,76437,76.437,4.336466872134092,0.0130826693878619
1085,20,51,11,1:39.437,99437,99.437,4.599524277801265,0.010056618763639289
150,18,12,15,1:19.273,79273,79.273,4.372897591471664,0.012614635500107226
9,4,18,18,1:59.667,119667,119.667,4.78471288533161,0.008356522683780825
1082,842,68,14,1:18.640,78640,78.64,4.364880475838911,0.01271617497456765
26,12,23,11,2:01.114,121114,121.114,4.796732250813496,0.008256683785524382
869,808,49,17,1:22.045,82045,82.045,4.407267877227114,0.012188433176915108
881,8,13,10,1:44.550,104550,104.55,4.649665425874643,0.009564801530368245
25,15,10,3,1:17.955,77955,77.955,4.356131737128515,0.012827913539862741
939,822,46,5,1:51.480,111480,111.48,4.713845202613747,0.00897021887334051
978,826,19,18,1:35.654,95654,95.654,4.560737514144119,0.010454345871578816
219,77,17,8,1:26.945,86945,86.945,4.465275734834032,0.011501523951923632
948,830,40,11,1:33.637,93637,93.637,4.539425604518723,0.010679539071093692
981,13,12,7,1:26.805,86805,86.805,4.463664223693912,0.011520073728471861
100,11,46,11,1:24.733,84733,84.733,4.439505136169199,0.011801777347668558
48,25,22,12,1:26.626,86626,86.626,4.46160000145498,0.0115438782813474
929,817,43,6,1:39.347,99347,99.347,4.598618772266116,0.010065729211752746
342,9,17,3,1:19.185,79185,79.185,4.371786886943689,0.012628654416871882
200,56,56,3,1:14.879,74879,74.879,4.3158734773793075,0.01335487920511759
1073,839,17,18,1:30.024,90024,90.024,4.500076301447696,0.011108148938060962
845,813,52,13,1:33.575,93575,93.575,4.538763253790493,0.010686615014694095
945,4,46,17,1:48.683,108683,108.683,4.688435388152136,0.009201071004664942
882,823,34,17,1:45.541,105541,105.541,4.659099503013172,0.009474990761884008
884,822,39,13,1:32.042,92042,92.042,4.522244994613826,0.010864605288889854
29,10,25,5,1:40.189,100189,100.189,4.607058402185329,0.00998113565361467
1013,8,5,17,1:53.322,113322,113.322,4.730233323941764,0.008824411852950001
1012,846,8,20,1:40.499,100499,100.499,4.61014777720087,0.009950347764654375
347,5,23,16,1:22.206,82206,82.206,4.4092282920990264,0.012164562197406515
10,6,2,9,1:27.366,87366,87.366,4.470106190956822,0.011446100313623149
1035,842,4,7,1:33.557,93557,93.557,4.538570876216849,0.010688671077524931
995,817,43,4,1:15.655,75655,75.655,4.326183531903534,0.013217897032582117
96,15,33,5,1:32.136,92136,92.136,4.523265746366606,0.010853520882174178
61,26,62,11,1:57.139,117139,117.139,4.763361263831618,0.008536866457798001
1108,830,25,1,1:32.295,92295,92.295,4.524989968860563,0.010834823121512542
944,822,51,5,1:16.684,76684,76.684,4.339693081657803,0.013040529967137865
962,836,57,16,1:54.242,114242,114.242,4.73831900544083,0.008753348155669543
18,6,24,13,1:30.746,90746,90.746,4.508064395038549,0.011019769466422764
943,3,70,1,1:21.021,81021,81.021,4.394708380329824,0.012342479110354106
1087,846,39,12,1:54.260,114260,114.26,4.738476553296317,0.00875196919306844
58,15,62,10,1:19.219,79219,79.219,4.372216169039118,0.012623234325098778
209,55,15,8,1:31.770,91770,91.77,4.519285446830922,0.010896807235480005
973,825,19,10,1:27.676,87676,87.676,4.473648201721105,0.011405629818878599
1035,847,45,19,1:31.780,91780,91.78,4.519394408966687,0.010895619960775768
153,21,31,13,1:21.132,81132,81.132,4.396077457896541,0.012325592861016614
345,808,13,12,2:35.495,155495,155.495,5.046613576761491,0.0064310749541785905
969,841,18,15,1:31.310,91310,91.31,4.514260310628249,0.010951702989814916
1060,852,18,16,1:10.758,70758,70.758,4.259265604335888,0.014132677577093756
105,32,5,15,1:37.659,97659,97.659,4.58148181897429,0.010239711649719943
972,807,3,10,2:31.343,151343,151.343,5.019548783985194,0.00660750744996465
182,65,8,9,1:31.501,91501,91.501,4.516349901183504,0.01092884230773434
994,817,10,1,1:17.047,77047,77.047,4.344415625252106,0.012979090684906616
1077,848,56,12,1:22.246,82246,82.246,4.4097147562440515,0.012158646013179973
848,18,48,6,1:58.371,118371,118.371,4.773823760016626,0.00844801513884313
45,25,21,6,1:35.528,95528,95.528,4.559419398231084,0.010468134997068921
1039,825,2,12,2:22.262,142262,142.262,4.957670427972186,0.007029283997132052
31,16,2,17,2:16.301,136301,136.301,4.9148656754327265,0.0073367033257276185
97,44,60,10,1:16.203,76203,76.203,4.33340083199636,0.013122842932692938
907,824,4,17,1:16.704,76704,76.704,4.339953858251974,0.01303712974551523
959,822,27,7,1:22.412,82412,82.412,4.411731057380213,0.012134155220113576
10,2,50,12,1:44.834,104834,104.834,4.652378146752643,0.00953889005475323
352,17,50,2,1:34.815,94815,94.815,4.551927624592372,0.010546854400675
107,47,64,16,1:15.995,75995,75.995,4.3306675486484245,0.013158760444766103
16,18,24,5,1:15.313,75313,75.313,4.321652762667085,0.013277920146588238
149,30,45,1,1:19.339,79339,79.339,4.373729811023894,0.01260414172096951
865,10,45,16,1:20.584,80584,80.584,4.38930011864038,0.012409411297528044
90,14,4,10,1:28.195,88195,88.195,4.479550272063441,0.01133851125347242
145,35,18,7,1:23.444,83444,83.444,4.42417574818204,0.011984085134940798
867,13,20,8,1:48.386,108386,108.386,4.685698929373286,0.009226283837395974
1053,846,15,6,1:30.113,90113,90.113,4.501064438335084,0.011097177987637744
1017,154,6,17,1:38.525,98525,98.525,4.590310323081067,0.010149708195889368
981,8,17,11,1:25.804,85804,85.804,4.452065625453856,0.011654468323155098
109,23,46,4,1:39.257,99257,99.257,4.597712446047503,0.01007485618142801
1036,841,64,16,1:23.160,83160,83.16,4.420766462989812,0.012025012025012025
884,821,54,10,1:33.859,93859,93.859,4.541793656143737,0.010654279291277342
129,14,60,6,1:11.614,71614,71.614,4.271290585579216,0.013963750104728124
33,18,28,12,1:22.144,82144,82.144,4.40847380468873,0.01217374366965329
105,17,46,10,1:36.035,96035,96.035,4.564712708356815,0.010412870307700318
124,62,32,6,1:35.524,95524,95.524,4.559377524814416,0.01046857334282484
905,828,16,17,1:23.622,83622,83.622,4.426306643365428,0.011958575494487096
23,6,31,9,1:34.894,94894,94.894,4.552760479170346,0.010538074061584505
231,69,40,12,1:27.983,87983,87.983,4.477143613998014,0.011365832035734175
76,17,76,3,1:18.630,78630,78.63,4.364753306003425,0.012717792191275595
65,30,29,7,1:41.657,101657,101.657,4.621604401451512,0.009837000895167081
854,5,44,16,1:58.172,118172,118.172,4.772141190277102,0.008462241478522831
966,815,62,10,1:23.607,83607,83.607,4.426127248642739,0.011960720992261413
869,814,63,11,1:20.057,80057,80.057,4.382738880966261,0.01249110009118503
896,16,16,5,1:32.199,92199,92.199,4.523949284516745,0.010846104621525179
916,3,50,2,1:42.591,102591,102.591,4.630750209590861,0.009747443732881052
998,838,45,13,1:34.239,94239,94.239,4.545834108641545,0.010611318031812731
205,57,25,1,1:20.450,80450,80.45,4.387635873438392,0.01243008079552517
41,4,70,7,1:21.054,81054,81.054,4.3951155992155995,0.012337454042983689
109,43,21,10,1:39.493,99493,99.493,4.600087289930952,0.01005095835887952
955,830,37,10,1:48.089,108089,108.089,4.682954961835681,0.009251635226526288
191,55,17,12,1:36.295,96295,96.295,4.567416396376175,0.010384755179396646
986,13,36,10,1:22.130,82130,82.13,4.408303357752101,0.012175818823815902
36,24,45,16,1:47.535,107535,107.535,4.677816375972945,0.009299297903008322
910,826,66,14,1:35.397,95397,95.397,4.558047131418908,0.01048250993217816
21,2,65,9,1:22.560,82560,82.56,4.4135253017332525,0.012112403100775193
847,39,24,19,2:07.457,127457,127.457,4.847779052813296,0.007845783283774136
1017,8,12,10,1:37.709,97709,97.709,4.581993673536876,0.01023447174774074
34,9,43,6,1:37.567,97567,97.567,4.580539321491267,0.010249367101581478
976,20,32,1,1:45.312,105312,105.312,4.656927372760929,0.009495594044363415
888,814,15,14,1:38.733,98733,98.733,4.592419237062658,0.010128325889013804
212,77,37,10,1:26.055,86055,86.055,4.4549866267219445,0.011620475277438846
1024,8,22,15,1:49.801,109801,109.801,4.698669636502081,0.00910738517864136
212,55,30,2,1:24.572,84572,84.572,4.437603242562623,0.011824244430780872
932,1,54,1,1:18.031,78031,78.031,4.357106183630301,0.01281541951275775
150,2,6,9,1:18.434,78434,78.434,4.362257506816589,0.01274957288930821
70,37,38,10,1:14.226,74226,74.226,4.30711449310875,0.013472368172877428
1012,847,16,12,1:42.036,102036,102.036,4.625325692191656,0.009800462581833862
115,2,41,12,1:17.839,77839,77.839,4.354642590929863,0.012847030408920978
1104,842,10,7,1:18.310,78310,78.31,4.360675308762846,0.012769761205465458
1011,815,15,11,1:37.920,97920,97.92,4.584150818764016,0.010212418300653595
955,20,27,3,1:48.269,108269,108.269,4.684618871111316,0.009236254144769047
31,2,41,5,1:34.451,94451,94.451,4.548081181503964,0.010587500397031265
974,838,56,10,1:17.095,77095,77.095,4.345038427623316,0.012971009793112394
343,811,34,20,1:34.676,94676,94.676,4.550460536182565,0.010562338924331404
961,8,42,4,1:26.287,86287,86.287,4.45767894943074,0.01158923128628878
903,13,33,17,1:43.179,103179,103.179,4.636465343968801,0.009691894668488743
975,154,12,13,1:45.419,105419,105.419,4.65794288551601,0.009485956042079701
995,828,21,17,1:18.426,78426,78.426,4.3621555050314695,0.012750873434830286
953,837,74,15,1:24.657,84657,84.657,4.4386077986038215,0.011812372278724738
144,35,6,10,1:29.817,89817,89.817,4.497774266968195,0.011133749735573444
23,9,43,3,1:28.801,88801,88.801,4.486397911195978,0.01126113444668416
887,823,17,21,1:46.579,106579,106.579,4.668886494201238,0.00938271141594498
81,35,57,14,1:23.822,83822,83.822,4.428695502866047,0.011930042232349503
88,22,6,18,2:33.778,153778,153.778,5.035510003927056,0.00650288077618385
1098,842,47,9,1:36.120,96120,96.12,4.565597410868269,0.010403662089055347
966,1,44,1,1:22.871,82871,82.871,4.417285181881182,0.012066947424310073
1082,840,7,15,1:19.559,79559,79.559,4.376498884776563,0.012569288201209165
349,155,5,14,1:56.871,116871,116.871,4.761070762424246,0.008556442573435668
901,3,7,2,1:47.743,107743,107.743,4.679748761676311,0.009281345423832639
875,1,4,4,1:46.713,106713,106.713,4.670142987812153,0.009370929502497353
208,63,23,17,1:21.621,81621,81.621,4.40208658180165,0.012251748937160781
1020,9,40,15,1:45.473,105473,105.473,4.658454995991326,0.009481099428289704
988,843,12,18,1:46.568,106568,106.568,4.668783279049162,0.009383679903911119
895,17,24,2,1:37.797,97797,97.797,4.582893901723663,0.010225262533615552
876,1,32,2,1:34.073,94073,94.073,4.544071076620241,0.010630042626470933
1060,854,25,18,1:13.231,73231,73.231,4.293618828585368,0.013655419153090905
49,4,36,4,1:49.368,109368,109.368,4.694718342629691,0.009143442323165826
19,4,29,9,1:37.973,97973,97.973,4.584691930506581,0.010206893736029314
131,2,51,14,1:48.267,108267,108.267,4.684600398432408,0.00923642476470208
1055,832,33,7,1:22.956,82956,82.956,4.418310346751128,0.012054583152514585
898,807,23,5,1:44.218,104218,104.218,4.646484859122304,0.009595271450229327
968,3,51,2,1:46.182,106182,106.182,4.665154602917103,0.009417792092821758
1013,832,17,9,1:47.621,107621,107.621,4.678615795971272,0.009291866828964608
1002,20,32,8,1:23.068,83068,83.068,4.419659549480732,0.012038330042856456
851,10,63,17,1:32.738,92738,92.738,4.529778313063315,0.010783066272725312
912,1,34,1,1:28.827,88827,88.827,4.486690657837112,0.011257838269895414
975,822,8,3,1:17.615,77615,77.615,4.351760707478407,0.012884107453456162
989,839,33,12,1:30.518,90518,90.518,4.505548725956511,0.011047526458825868
208,56,66,17,1:20.717,80717,80.717,4.390949209844292,0.012388963910948127
903,824,54,17,1:45.725,105725,105.725,4.6608413833585525,0.009458500827618822
172,48,59,13,1:17.131,77131,77.131,4.345505274985678,0.0129649557246762
42,21,21,13,1:16.132,76132,76.132,4.332468675825537,0.013135081174801659
354,67,18,8,1:21.997,81997,81.997,4.406682661229139,0.012195568130541361
872,819,27,20,1:31.439,91439,91.439,4.515672083293772,0.010936252583689673
221,44,65,6,1:22.014,82014,82.014,4.406889964398571,0.012193040212646621
81,31,60,1,1:22.110,82110,82.11,4.4080598117206975,0.01217878455730118
1093,1,28,2,1:41.523,101523,101.523,4.620285373796938,0.009849984732523664
230,77,26,4,1:52.355,112355,112.355,4.721663501423896,0.008900360464598816
1082,4,65,7,1:17.272,77272,77.272,4.347331664876995,0.01294129827104255
70,27,1,17,1:29.699,89699,89.699,4.49645962073059,0.011148396303191786
977,826,38,17,1:10.126,70126,70.126,4.250293623990738,0.014260046202549696
1004,844,10,6,1:45.660,105660,105.66,4.6602263917361695,0.00946431951542684
9,2,18,10,1:37.869,97869,97.869,4.583629849749888,0.010217740040257895
966,839,26,21,1:26.064,86064,86.064,4.455091205530887,0.011619260085517755
144,59,38,13,1:29.105,89105,89.105,4.489815449625063,0.011222714774704
189,56,27,4,1:42.764,102764,102.764,4.632435097136104,0.009731034214316299
856,153,38,8,2:01.360,121360,121.36,4.798761335040277,0.008239947264337508
201,71,21,4,1:47.825,107825,107.825,4.6805095425339065,0.009274287039183862
950,837,2,18,1:45.757,105757,105.757,4.661144009589099,0.009455638870240268
205,50,56,13,1:24.477,84477,84.477,4.436479307963771,0.011837541579364797
877,4,32,3,1:46.699,106699,106.699,4.670011786192561,0.009372159064283639
879,818,60,9,1:27.851,87851,87.851,4.475642197607591,0.011382909699377355
982,840,47,8,1:49.298,109298,109.298,4.694078096753413,0.009149298248824315
149,4,3,21,1:23.080,83080,83.08,4.419803999007912,0.01203659123736158
956,836,62,12,1:10.868,70868,70.868,4.260818991738191,0.01411074109612237
11,8,11,4,1:40.506,100506,100.506,4.610217427209604,0.00994965474698028
55,14,52,10,1:29.054,89054,89.054,4.489242927311926,0.011229141868978372
49,3,27,6,1:50.601,110601,110.601,4.70592913063868,0.00904150957043788
237,55,27,1,1:27.847,87847,87.847,4.475596664932198,0.01138342800550958
40,8,77,8,1:21.367,81367,81.367,4.398969785404101,0.012289994715302273
1045,817,42,8,1:33.659,93659,93.659,4.539660526781891,0.01067703050427615
1042,847,22,9,1:23.226,83226,83.226,4.421559799009208,0.012015475933001707
844,3,48,6,1:30.889,90889,90.889,4.509638981759668,0.01100243153736976
83,11,21,7,1:26.450,86450,86.45,4.4595662121293,0.01156737998843262
915,817,29,8,1:43.506,103506,103.506,4.639629582039662,0.009661275674840106
72,2,9,7,1:37.329,97329,97.329,4.578096992061158,0.010274430025994308
1080,848,30,18,1:53.564,113564,113.564,4.732366554654738,0.008805607410799197
930,3,59,1,1:30.062,90062,90.062,4.5004983220441215,0.011103462059470144
184,63,24,3,2:06.554,126554,126.554,4.840669094551664,0.007901765254357823
1104,1,57,4,1:43.278,103278,103.278,4.637424381517424,0.00968260423323457
858,22,32,10,1:46.404,106404,106.404,4.66724317018587,0.009398142926957634
218,35,29,6,1:56.427,116427,116.427,4.757264467161949,0.008589072981353122
1080,842,33,12,1:25.049,85049,85.049,4.443227560983212,0.011757927782807556
127,15,7,7,1:28.522,88522,88.522,4.483251108691735,0.011296626827229388
951,835,33,13,1:43.183,103183,103.183,4.636504110796032,0.00969151895176531
106,10,1,17,1:46.764,106764,106.764,4.670620791050631,0.009366453111535724
999,815,28,11,1:20.023,80023,80.023,4.382314093353676,0.012496407282906165
120,15,16,10,1:43.876,103876,103.876,4.643197880084749,0.009626862797951403
915,20,14,6,1:45.110,105110,105.11,4.655007420835263,0.009513842641042717
959,822,28,7,1:22.000,82000,82.0,4.406719247264253,0.012195121951219513
999,154,24,12,1:19.076,79076,79.076,4.3704094153336905,0.012646062016288128
224,50,1,11,1:50.930,110930,110.93,4.708899371750569,0.009014693951140358
987,842,1,10,2:06.060,126060,126.06,4.836757984084964,0.007932730445819451
949,822,39,10,1:37.313,97313,97.313,4.57793258766708,0.010276119326297616
929,822,17,5,1:38.656,98656,98.656,4.59163905170374,0.010136230943885825
1028,815,18,12,1:42.375,102375,102.375,4.628642542173234,0.009768009768009768
351,13,40,10,1:52.764,112764,112.764,4.725297139188928,0.008868078464758256
1107,4,64,6,1:09.564,69564,69.564,4.242247192145596,0.014375251566902423
961,828,26,18,1:29.912,89912,89.912,4.498831414215966,0.011121985941809768
1028,822,1,1,1:40.317,100317,100.317,4.608335172131247,0.009968400171456483
1108,822,12,17,1:34.541,94541,94.541,4.549033602842468,0.010577421436202283
149,21,26,16,1:20.729,80729,80.729,4.391097866361296,0.012387122347607428
153,15,73,10,1:19.516,79516,79.516,4.3759582592722746,0.012576085316162784
1064,20,5,15,1:18.010,78010,78.01,4.356837023600222,0.01281886937572106
878,1,31,2,1:41.632,101632,101.632,4.621358446184616,0.009839420654911838
977,815,51,7,1:09.029,69029,69.029,4.23452670615529,0.01448666502484463
858,811,23,16,1:48.678,108678,108.678,4.688389381738834,0.009201494322678003
990,843,4,10,1:54.140,114140,114.14,4.737425765108562,0.008761170492377781
195,25,34,4,1:26.857,86857,86.857,4.464263088172659,0.011513176830882946
91,18,34,3,1:36.195,96195,96.195,4.566377381268936,0.01039555070429856
355,67,17,8,1:46.380,106380,106.38,4.667017589314171,0.009400263207369806
1006,830,6,6,1:41.329,101329,101.329,4.618372648665847,0.009868843075526258
1022,807,9,13,1:51.683,111683,111.683,4.715664501117456,0.0089539142035941
888,1,18,5,1:39.172,99172,99.172,4.596855716384006,0.010083491308030493
348,29,58,19,1:29.836,89836,89.836,4.497985785841476,0.011131394986419699
940,829,3,16,1:44.760,104760,104.76,4.651672019639511,0.009545628102329133
18,4,33,8,1:31.301,91301,91.301,4.514161740443459,0.010952782554407948
85,30,51,10,1:28.407,88407,88.407,4.481951152028952,0.011311321501691044
348,1,7,5,1:27.523,87523,87.523,4.47190161596554,0.011425568136375581
868,155,41,12,1:36.103,96103,96.103,4.565420532970781,0.010405502429684818
193,56,26,3,1:29.245,89245,89.245,4.491385396681471,0.011205109529945655
173,63,6,15,1:43.314,103314,103.314,4.6377728945321035,0.00967923030760594
1010,832,6,14,1:31.054,91054,91.054,4.511452737114186,0.010982493904715883
8,8,22,7,1:23.159,83159,83.159,4.420754437905487,0.012025156627665075
987,8,19,3,1:13.812,73812,73.812,4.301521320014231,0.013547932585487456
1075,855,3,16,1:37.564,97564,97.564,4.58050857291723,0.010249682259849945
144,18,32,14,1:29.718,89718,89.718,4.496671417829762,0.011146035355224146
186,48,10,19,1:59.900,119900,119.9,4.786658062033468,0.008340283569641367
223,14,39,3,1:24.530,84530,84.53,4.437106500940836,0.011830119484206791
1013,842,11,7,1:48.110,108110,108.11,4.68314922730468,0.009249838127832763
166,55,2,14,1:22.293,82293,82.293,4.410286049387663,0.012151701845843509
108,18,40,11,1:35.864,95864,95.864,4.562930520380216,0.01043144454644079
876,813,2,11,1:35.780,95780,95.78,4.562053894914463,0.01044059302568386
1098,830,28,1,1:37.651,97651,97.651,4.581399897925655,0.0102405505319966
155,21,19,14,1:28.382,88382,88.382,4.4816683290007475,0.011314521056323685
881,821,37,13,2:01.594,121594,121.594,4.800687626209442,0.008224090004441008
1032,849,56,17,1:09.743,69743,69.743,4.244817057242292,0.014338356537573664
932,828,17,11,1:19.962,79962,79.962,4.381551521825645,0.012505940321652784
879,5,35,15,1:20.704,80704,80.704,4.390788140342455,0.01239095955590801
857,30,17,6,1:33.424,93424,93.424,4.537148271541182,0.010703887651995203
6,16,45,16,1:16.939,76939,76.939,4.3430129000990565,0.012997309556921719
883,813,47,13,1:39.505,99505,99.505,4.6002078941582765,0.010049746243907342
1109,817,56,13,1:26.761,86761,86.761,4.46315721194112,0.011525916022175862
150,30,46,2,1:37.891,97891,97.891,4.5838546147692245,0.010215443707797447
350,67,37,12,1:26.725,86725,86.725,4.4627421928558135,0.011530700490054772
1036,846,35,10,1:23.330,83330,83.33,4.422808628394115,0.012000480019200769
883,817,54,16,1:41.464,101464,101.464,4.619704055765128,0.009855712370890168
1086,854,25,17,1:25.712,85712,85.712,4.450992839138604,0.011666977786074294
861,811,10,23,2:54.892,174892,174.892,5.164168640555332,0.0057178144226151
217,23,40,8,1:20.534,80534,80.534,4.388679455503982,0.012417115752353042
17,2,47,5,1:41.601,101601,101.601,4.621053377615629,0.009842422810799107
142,50,26,4,1:51.527,111527,111.527,4.714266714052365,0.008966438620244425
342,24,21,13,1:19.048,79048,79.048,4.370055262892662,0.012650541443173768
1022,1,5,3,1:50.799,110799,110.799,4.707717749001698,0.009025352214370166
15,154,46,16,2:39.555,159555,159.555,5.072388690371738,0.0062674312932844475
1094,849,65,18,1:23.894,83894,83.894,4.42955409720914,0.011919803561637304
936,826,69,2,1:27.917,87917,87.917,4.476393187584173,0.011374364457385943
883,807,48,13,1:39.137,99137,99.137,4.59650273189653,0.010087051252307412
59,14,16,7,1:18.188,78188,78.188,4.359116183090776,0.012789686396889547
34,4,36,4,1:41.823,101823,101.823,4.623236011799718,0.009820963829390216
22,16,57,16,1:29.223,89223,89.223,4.491138853882634,0.01120787240958049
1021,848,9,12,1:24.509,84509,84.509,4.4368580375672,0.01183305920079518
878,30,32,14,1:43.056,103056,103.056,4.635272529804535,0.009703462195311287
933,20,53,4,1:12.018,72018,72.018,4.276916087771263,0.013885417534505262
173,18,11,7,1:41.586,101586,101.586,4.62090573037415,0.009843876124662847
219,30,10,7,1:27.417,87417,87.417,4.470689771756413,0.011439422537950284
1053,853,48,17,1:23.412,83412,83.412,4.423792183906349,0.01198868268354673
994,154,19,18,1:21.101,81101,81.101,4.395695291501575,0.012330304188604334
56,34,9,20,1:35.549,95549,95.549,4.559639204906764,0.010465834283979947
83,2,28,8,1:45.922,105922,105.922,4.662702974185659,0.009440909348388437
100,15,7,5,1:21.079,81079,81.079,4.395423988009961,0.012333649897014024
1018,830,42,4,1:08.659,68659,68.659,4.2291522234026555,0.014564732955621258
130,59,62,13,1:36.925,96925,96.925,4.573937483556993,0.010317255610007738
193,49,63,10,1:32.483,92483,92.483,4.527024843844287,0.01081279802774564
1106,848,42,7,1:17.724,77724,77.724,4.3531640899887805,0.012866038803973032
1086,825,4,10,1:25.178,85178,85.178,4.444743184529347,0.011740120688440677
141,54,43,9,1:35.603,95603,95.603,4.560204200318128,0.010459922805769694
109,8,30,1,1:37.738,97738,97.738,4.582290429181248,0.010231435061081668
933,1,23,2,1:12.412,72412,72.412,4.282372031513697,0.013809865768104734
204,63,1,19,1:43.655,103655,103.655,4.641068076985076,0.009647387969707202
1034,154,20,5,1:32.647,92647,92.647,4.528796572282681,0.01079365764676676
24,20,26,9,1:21.007,81007,81.007,4.394535570691554,0.012344612194007924
1031,8,20,13,1:10.727,70727,70.727,4.258827395331456,0.014138872000791777
991,807,53,6,1:37.198,97198,97.198,4.576750135123015,0.010288277536574828
3,21,47,16,1:58.091,118091,118.091,4.771455513694874,0.008468045829064028
107,21,13,15,1:13.651,73651,73.651,4.299337720548981,0.013577548166352121
345,811,6,23,1:47.494,107494,107.494,4.6774350320565725,0.009302844809942881
54,23,35,10,1:36.102,96102,96.102,4.565410127414214,0.010405610705292292
915,4,41,6,1:43.462,103462,103.462,4.639204395530996,0.009665384392337283
952,830,36,3,1:28.816,88816,88.816,4.486566813947806,0.01125923257070798
351,67,9,16,1:55.456,115456,115.456,4.748889505000104,0.00866130820399113
130,30,19,3,1:21.403,81403,81.403,4.39941212736622,0.012284559537117795
908,815,25,13,1:41.771,101771,101.771,4.622725191233977,0.009825981861237483
351,22,39,7,1:52.357,112357,112.357,4.721681301986394,0.008900202034586186
49,8,24,1,1:48.515,108515,108.515,4.686888412272949,0.009215315854950928
42,24,42,17,1:17.242,77242,77.242,4.346943350544611,0.01294632453846353
18,2,58,2,1:29.430,89430,89.43,4.49345619635809,0.011181930001118192
181,68,52,12,1:37.528,97528,97.528,4.580139516262845,0.010253465671396931
143,49,17,6,1:18.853,78853,78.853,4.367585359609822,0.012681825675624264
1020,9,36,16,1:34.867,94867,94.867,4.552475910684913,0.0105410732920826
875,814,14,8,1:46.964,106964,106.964,4.672492329252248,0.009348939830223254
1006,815,23,8,1:42.628,102628,102.628,4.631110799988445,0.009743929531901625
1064,842,47,4,1:15.259,75259,75.259,4.32093549780622,0.013287447348489882
1080,822,45,10,1:19.520,79520,79.52,4.376008562348319,0.012575452716297788
70,8,11,2,1:14.155,74155,74.155,4.306157497193926,0.013485267345425123
944,3,10,1,1:16.817,76817,76.817,4.341425969825075,0.013017951755470795
1006,830,18,4,1:40.400,100400,100.4,4.609162207257629,0.0099601593625498
188,44,63,9,1:24.451,84451,84.451,4.43617148450993,0.011841186013191082
954,815,59,10,1:16.706,76706,76.706,4.339979932171538,0.013036789820874507
156,18,48,11,1:19.164,79164,79.164,4.371521650028734,0.012632004446465565
122,15,15,6,1:12.287,72287,72.287,4.280644306635238,0.013833746040090194
205,75,1,20,1:39.750,99750,99.75,4.602667055769973,0.010025062656641603
112,43,22,6,1:20.935,80935,80.935,4.3936463633859235,0.012355593995181317
341,17,8,1,1:27.587,87587,87.587,4.472632585103221,0.011417219450375056
986,840,55,6,1:21.109,81109,81.109,4.395793929070239,0.012329088017359357
862,13,32,9,1:43.979,103979,103.979,4.64418895567524,0.009617326575558527
153,35,60,9,1:20.499,80499,80.499,4.388244761987111,0.012422514565398328
1064,839,68,8,1:15.442,75442,75.442,4.323364149108465,0.01325521592746746
886,1,67,3,1:16.804,76804,76.804,4.34125672213067,0.013020155200249987
1047,848,1,5,1:48.734,108734,108.734,4.688904532707856,0.009196755384700278
1092,846,13,9,1:48.788,108788,108.788,4.689401034221352,0.009192190315108284
948,831,31,15,1:34.154,94154,94.154,4.544931739596327,0.010620897678271768
932,830,32,11,1:20.825,80825,80.825,4.392286323611497,0.012372409526755335
959,832,35,14,1:21.548,81548,81.548,4.401191803934893,0.012262716436945112
97,18,12,2,1:15.218,75218,75.218,4.32039056401548,0.01329469010077375
880,821,41,13,1:32.012,92012,92.012,4.521919003325772,0.010868147632917446
33,22,31,11,1:21.137,81137,81.137,4.396139083961922,0.012324833306629528
1051,849,31,17,1:29.790,89790,89.79,4.497473610532717,0.011137097672346585
967,836,71,15,1:28.420,88420,88.42,4.482098188398097,0.011309658448314861
2,8,31,14,2:58.640,178640,178.64,5.185372607531902,0.005597850425436633
340,5,6,8,1:52.869,112869,112.869,4.726227854178132,0.00885982865091389
861,808,15,22,2:07.925,127925,127.925,4.851444154691156,0.007817080320500294
992,815,37,7,1:47.813,107813,107.813,4.680398244896084,0.009275319302867001
109,50,33,16,1:41.226,101226,101.226,4.617355640851893,0.009878884871475709
1007,822,17,6,1:21.323,81323,81.323,4.398428879373333,0.012296644245785327
882,1,45,4,1:40.593,100593,100.593,4.611082672739694,0.009941049576014235
60,14,46,12,1:44.616,104616,104.616,4.650296503604201,0.009558767301368816
965,815,18,12,1:45.793,105793,105.793,4.661484354664471,0.009452421237700036
916,3,41,2,1:42.301,102301,102.301,4.62791944808087,0.009775075512458334
150,2,4,10,1:18.278,78278,78.278,4.360266592891318,0.012774981476276858
1062,839,57,1,1:21.693,81693,81.693,4.40296831888071,0.01224095087706413
954,825,31,16,1:20.149,80149,80.149,4.383887402371365,0.012476762030717788
981,815,44,9,1:25.185,85185,85.185,4.4448253619975056,0.011739155954686858
937,13,42,6,1:58.398,118398,118.398,4.774051830415344,0.008446088616361763
1003,840,18,14,1:49.374,109374,109.374,4.6947732017788395,0.009142940735458153
114,15,8,4,1:18.223,78223,78.223,4.359563721954208,0.012783963795814531
1009,845,49,15,1:44.759,104759,104.759,4.651662473965849,0.009545719222214798
941,8,25,4,1:42.435,102435,102.435,4.629228451081162,0.009762288280372919
949,825,56,11,1:38.857,98857,98.857,4.593674361474607,0.010115621554366409
147,58,16,16,1:26.954,86954,86.954,4.465379243192425,0.011500333509671782
338,5,53,13,1:33.808,93808,93.808,4.54125014022186,0.010660071635681391
958,154,5,10,1:28.349,88349,88.349,4.481294880082521,0.01131874724105536
174,48,36,15,1:45.651,105651,105.651,4.660141209232605,0.009465125744195512
136,22,55,1,1:17.370,77370,77.37,4.348599108561364,0.012924906294429364
71,30,25,10,1:28.593,88593,88.593,4.484052847717827,0.011287573510322486
159,65,48,10,1:17.979,77979,77.979,4.356439559671251,0.01282396542658921
68,30,44,1,1:40.837,100837,100.837,4.613505351778009,0.009916994753909775
185,48,38,19,1:26.322,86322,86.322,4.458084490282951,0.01158453233242974
344,808,12,15,1:24.801,84801,84.801,4.440307335181157,0.011792313769884788
870,10,66,21,1:34.324,94324,94.324,4.546735664150922,0.010601755650735761
1034,840,9,8,1:33.399,93399,93.399,4.5368806385393645,0.010706752748958768
881,13,13,7,1:44.205,104205,104.205,4.646360112812954,0.009596468499592151
851,3,56,11,1:26.324,86324,86.324,4.458107659079217,0.011584263935869515
1069,853,34,19,1:43.844,103844,103.844,4.6428897730151055,0.009629829359423752
142,18,6,12,2:16.064,136064,136.064,4.913125363279428,0.007349482596425212
943,832,27,9,1:24.124,84124,84.124,4.432291900821432,0.011887214112500596
1007,807,25,9,1:24.436,84436,84.436,4.435993850943824,0.011843289592117105
918,8,8,16,1:50.162,110162,110.162,4.701952009665904,0.009077540349666853
178,37,6,20,1:29.570,89570,89.57,4.495020442487104,0.011164452383610584
107,31,21,1,1:12.012,72012,72.012,4.276832771795376,0.013886574459812253
973,836,64,7,1:27.224,87224,87.224,4.46847952240408,0.011464734476749517
223,71,42,8,1:24.685,84685,84.685,4.438938490343085,0.011808466670602822
1110,815,19,2,1:53.525,113525,113.525,4.732023076984015,0.008808632459810613
25,1,58,10,1:20.140,80140,80.14,4.383775105207999,0.012478163214374845
222,50,38,16,1:43.661,103661,103.661,4.641125959637661,0.009646829569461996
225,83,22,18,1:39.147,99147,99.147,4.596603597321965,0.010086033868901731
976,825,10,10,1:48.950,108950,108.95,4.690889061390629,0.009178522257916474
27,6,37,17,2:12.486,132486,132.486,4.886476979466467,0.007547967332397386
998,1,7,9,1:34.131,94131,94.131,4.54468742910835,0.01062349279196014
1091,20,12,9,2:02.910,122910,122.91,4.811452380226889,0.008136034496786267
62,22,18,5,1:14.310,74310,74.31,4.308245532169378,0.013457139012245996
936,822,38,6,1:31.918,91918,91.918,4.520896875253312,0.010879261950869253
94,30,20,1,1:18.217,78217,78.217,4.359487015229548,0.012784944449416368
909,826,27,16,1:24.622,84622,84.622,4.4381942800870675,0.011817257923471438
1021,847,56,16,1:23.690,83690,83.69,4.427119496044782,0.011948858883976581
156,59,54,14,1:17.282,77282,77.282,4.347461069486568,0.012939623715742346
867,154,34,2,1:47.084,107084,107.084,4.673613573202874,0.009338463262485525
1021,846,37,8,1:21.514,81514,81.514,4.400774784635574,0.012267831292784062
26,7,34,15,1:45.882,105882,105.882,4.662325266489151,0.009444475926030864
937,8,32,7,1:55.063,115063,115.063,4.745479804448276,0.00869089107706213
184,25,21,8,1:49.695,109695,109.695,4.697703787391024,0.009116185787866358
1062,841,68,14,1:23.032,83032,83.032,4.419226075662988,0.012043549474901244
1027,826,68,10,1:20.177,80177,80.177,4.384236690699955,0.01247240480437033
1093,848,27,14,1:44.626,104626,104.626,4.6503920867090045,0.009557853688375738
129,21,66,5,1:11.284,71284,71.284,4.266671898310853,0.01402839346838
873,3,34,8,2:40.859,160859,160.859,5.080528204870749,0.006216624497230493
205,21,53,6,1:22.557,82557,82.557,4.413488963863738,0.01211284324769553
1007,8,17,5,1:29.230,89230,89.23,4.49121730591206,0.01120699316373417
974,825,24,8,1:17.493,77493,77.493,4.350187609699326,0.0129043913643813
25,2,40,12,1:18.172,78172,78.172,4.35891152716783,0.012792304149823467
166,15,65,6,1:22.623,82623,82.623,4.414288092130021,0.012103167398908293
199,64,2,13,1:39.443,99443,99.443,4.59958461569348,0.010056011986766289
1013,154,32,16,1:48.592,108592,108.592,4.687597739961403,0.00920878149403271
1000,817,38,5,1:22.933,82933,82.933,4.418033052896233,0.012057926277838736
931,154,22,12,1:21.376,81376,81.376,4.3990803892397095,0.01228863546991742
959,821,21,10,1:22.893,82893,82.893,4.417550619492836,0.012063744827669405
111,30,7,2,1:25.009,85009,85.009,4.442757133238117,0.011763460339493466
80,4,1,1,1:18.941,78941,78.941,4.368700738003464,0.0126676885268745
909,154,5,15,1:25.947,85947,85.947,4.453730827205737,0.011635077431440306
114,14,6,7,1:19.696,79696,79.696,4.378219396330928,0.012547681188516362
28,1,49,9,1:23.151,83151,83.151,4.420658232024827,0.012026313574100132
848,30,26,16,1:45.403,105403,105.403,4.657791098700301,0.00948739599442141
1022,841,38,9,1:50.202,110202,110.202,4.702315045374453,0.00907424547648863
111,18,57,8,1:25.538,85538,85.538,4.448960721650981,0.011690710561387922
1046,825,56,14,0:58.038,58038,58.038,4.061097968428465,0.017230090630276716
23,9,38,3,1:30.944,90944,90.944,4.510243932474635,0.010995777621393385
212,14,50,5,1:23.856,83856,83.856,4.42910104205981,0.011925205113527954
1042,841,26,11,1:23.519,83519,83.519,4.425074150882573,0.01197332343538596
987,815,10,7,1:14.690,74690,74.69,4.313346214368975,0.013388673182487616
141,8,30,8,1:30.861,90861,90.861,4.509330866213902,0.011005822079880255
978,828,47,14,1:34.541,94541,94.541,4.549033602842468,0.010577421436202283
981,1,3,1,1:26.217,86217,86.217,4.456867374002434,0.011598640639317072
866,1,70,1,1:19.240,79240,79.24,4.37248122183035,0.012619888944977285
1058,839,49,14,1:09.985,69985,69.985,4.248280933372609,0.014288776166321356
853,815,25,7,1:30.131,90131,90.131,4.501264167591645,0.011094961777856675
169,60,15,19,1:25.568,85568,85.568,4.449311381479478,0.01168661181750187
93,11,46,8,1:23.679,83679,83.679,4.426988049958401,0.011950429617944765
6,6,16,9,1:18.717,78717,78.717,4.365859142261705,0.012703736168807246
147,49,27,9,1:23.754,83754,83.754,4.427883930758676,0.011939728251784989
115,17,17,5,1:18.705,78705,78.705,4.365706685806785,0.012705673083031574
976,832,43,8,1:47.059,107059,107.059,4.673380084364915,0.009340643943993499
204,71,48,6,1:26.893,86893,86.893,4.464677476667798,0.011508406891234047
977,1,18,5,1:09.499,69499,69.499,4.241312363978023,0.014388696240233673
108,50,56,11,1:33.678,93678,93.678,4.539863369787438,0.01067486496295822
956,836,50,14,1:11.212,71212,71.212,4.265661343542616,0.014042577093748244
355,67,14,10,1:46.831,106831,106.831,4.6712481465804645,0.00936057885819659
1023,832,12,6,1:26.004,86004,86.004,4.454393806799782,0.011627366169015394
884,821,17,13,1:31.043,91043,91.043,4.511331922383428,0.01098382083191459
213,14,53,7,1:34.897,94897,94.897,4.552792092892813,0.010537740919101762
1033,20,12,9,1:23.397,83397,83.397,4.423612337494699,0.01199083899900476
1071,847,27,16,1:16.986,76986,76.986,4.343623587140936,0.01298937469150235
56,21,40,8,1:26.178,86178,86.178,4.45641492467774,0.011603889623801898
60,15,2,13,2:31.848,151848,151.848,5.022880020512693,0.006585532901322374
161,21,32,10,1:28.116,88116,88.116,4.478654128257474,0.011348676744291616
114,15,39,5,1:16.549,76549,76.549,4.337931058661083,0.01306352793635449
93,31,51,3,1:24.440,84440,84.44,4.43604122298012,0.011842728564661299
93,22,35,6,1:23.191,83191,83.191,4.421139168899111,0.012020531067062542
893,807,6,9,1:54.834,114834,114.834,4.743487607283991,0.008708222303498964
238,44,63,10,1:26.578,86578,86.578,4.461045741723924,0.011550278361708516
150,30,33,1,1:16.681,76681,76.681,4.339653959302632,0.013041040153362632
973,4,26,13,1:28.713,88713,88.713,4.4854064400195215,0.011272305073664515
965,839,8,20,1:49.365,109365,109.365,4.694690911926504,0.009143693137658301
871,5,24,19,1:58.308,118308,118.308,4.773291393380904,0.008452513777597457
863,1,16,6,1:40.360,100360,100.36,4.608763721498222,0.00996412913511359
63,3,38,17,1:22.108,82108,82.108,4.408035453854932,0.012179081210113508
869,815,61,6,1:19.818,79818,79.818,4.379749042929824,0.012528502342829938
1045,844,38,9,1:36.304,96304,96.304,4.567509854805415,0.010383784681840837
981,836,11,17,1:28.457,88457,88.457,4.482516558231819,0.011304927818035883
876,817,59,13,1:29.546,89546,89.546,4.494752459725724,0.011167444665311683
107,8,22,2,1:12.016,72016,72.016,4.276888316550577,0.013885803154854475
199,75,34,14,1:44.249,104249,104.249,4.646782268306765,0.009592418152692113
77,2,30,1,1:31.806,91806,91.806,4.519677654967731,0.010892534257020239
190,69,26,17,1:45.780,105780,105.78,4.6613614656378335,0.009453582907922102
124,31,53,2,1:29.971,89971,89.971,4.499487396183308,0.011114692512031654
237,14,1,5,1:38.080,98080,98.08,4.585783472187901,0.010195758564437194
137,11,19,17,1:52.040,112040,112.04,4.718855950391908,0.008925383791503034
1051,839,11,7,1:30.971,90971,90.971,4.510540774408486,0.01099251409789933
927,831,17,11,1:50.513,110513,110.513,4.705133161096758,0.009048709201632386
1087,825,5,10,1:55.521,115521,115.521,4.749452331616744,0.008656434760779425
14,18,44,6,1:50.278,110278,110.278,4.703004450336446,0.00906799180253541
99,11,11,9,1:17.324,77324,77.324,4.348004386059445,0.01293259531322746
144,18,53,12,1:32.379,92379,92.379,4.5258996800900055,0.010824971043202458
128,59,10,12,1:24.440,84440,84.44,4.43604122298012,0.011842728564661299
841,816,17,20,1:40.951,100951,100.951,4.61463525060379,0.009905795881170073
885,822,78,12,1:23.011,83011,83.011,4.418973129135739,0.012046596234234017
850,17,8,2,1:37.927,97927,97.927,4.584222303137052,0.010211688298426377
81,17,50,11,1:25.043,85043,85.043,4.443157010927918,0.011758757334524887
893,807,56,10,1:55.047,115047,115.047,4.745340740522104,0.008692099750536737
1107,839,2,12,1:59.895,119895,119.895,4.786616359746092,0.008340631385795905
94,8,21,10,1:20.310,80310,80.31,4.38589414620037,0.012451749470800647
174,23,12,15,1:44.026,104026,104.026,4.64464086789658,0.009612981370042106
178,30,47,1,1:23.854,83854,83.854,4.429077191365158,0.011925489541345672
345,16,45,7,1:40.600,100600,100.6,4.611152257665639,0.009940357852882704
179,63,41,9,1:28.367,88367,88.367,4.481498596781204,0.011316441658085031
1040,154,24,15,1:41.530,101530,101.53,4.6203543213131315,0.009849305623953511
40,5,16,15,1:20.114,80114,80.114,4.383450620324899,0.012482212846693461
1084,855,5,15,1:11.855,71855,71.855,4.27465019952621,0.013916916011411871
169,23,55,6,1:21.928,81928,81.928,4.405840812773136,0.012205839273508446
963,826,23,15,1:42.528,102528,102.528,4.63013593200584,0.009753433208489388
1002,839,45,7,1:24.313,84313,84.313,4.434536064269145,0.01186056717232218
178,44,24,15,1:24.480,84480,84.48,4.436514819957951,0.011837121212121212
896,819,21,21,1:34.030,94030,94.03,4.543613880288985,0.010634903754121025
886,824,42,19,1:23.341,83341,83.341,4.422940624962396,0.011998896101558658
20,7,51,15,1:35.420,95420,95.42,4.5582882000879605,0.010479983232026828
981,840,36,7,1:25.802,85802,85.802,4.452042316245552,0.011654739982750984
876,819,25,18,1:33.271,93271,93.271,4.5355092342423555,0.010721446108651134
865,3,69,2,1:24.837,84837,84.837,4.440731768392353,0.011787309782288388
150,23,37,2,1:17.995,77995,77.995,4.356644722070832,0.012821334700942367
118,21,12,12,1:33.748,93748,93.748,4.540610331289628,0.010666894227076843
972,840,33,11,1:39.930,99930,99.93,4.604469940873698,0.010007004903432402
168,35,8,10,1:48.908,108908,108.908,4.690503489132366,0.009182061923825615
214,71,9,20,1:21.697,81697,81.697,4.40301728148553,0.012240351542896311
1034,154,32,7,1:31.447,91447,91.447,4.515759569487413,0.010935295854429341
850,16,6,7,1:39.651,99651,99.651,4.601674081731383,0.010035022227574235
843,17,9,15,1:47.976,107976,107.976,4.68190898020698,0.009261317329776987
136,14,61,5,1:17.774,77774,77.774,4.353807185098984,0.01285776737727261
1093,1,30,2,1:41.310,101310,101.31,4.618185123065586,0.009870693909781857
355,16,1,10,2:12.914,132914,132.914,4.889702302533761,0.007523661916728111
997,1,29,4,1:08.399,68399,68.399,4.225358204638592,0.014620096785040717
107,46,49,17,1:47.519,107519,107.519,4.677667576136351,0.009300681739971539
91,31,2,2,1:39.335,99335,99.335,4.598497976220027,0.010066945185483466
186,57,22,2,1:54.361,114361,114.361,4.739360111732074,0.008744239732076494
1003,4,39,7,2:07.447,127447,127.447,4.847700591902481,0.007846398895227036
845,4,11,2,1:48.222,108222,108.222,4.684184672916117,0.009240265380421726
857,22,16,20,1:32.538,92538,92.538,4.527619370969532,0.01080637143659902
51,14,42,9,1:42.274,102274,102.274,4.627655486207163,0.009777656100279641
869,814,25,10,1:23.195,83195,83.195,4.4211872498674705,0.012019953122182825
1047,817,23,5,1:43.197,103197,103.197,4.636639782857487,0.009690204172601916
959,817,39,4,1:19.968,79968,79.968,4.381626554652542,0.01250500200080032
146,22,24,1,1:12.694,72694,72.694,4.286258850184502,0.013756293504278207
982,817,37,2,1:47.973,107973,107.973,4.6818811958690105,0.00926157465292249
161,37,23,16,1:34.902,94902,94.902,4.552844780209407,0.01053718572843565
993,815,52,10,1:22.227,82227,82.227,4.409483715281893,0.012161455482992203
890,818,39,14,1:27.606,87606,87.606,4.472849488747482,0.011414743282423579
1015,848,22,8,1:19.070,79070,79.07,4.3703335360828355,0.012647021626406981
346,812,6,21,1:42.159,102159,102.159,4.626530423109422,0.009788662770778883
1070,832,13,6,1:22.614,82614,82.614,4.41417915769029,0.012104485922482871
941,826,5,7,1:45.306,105306,105.306,4.656870397573608,0.00949613507302528
45,21,7,10,2:32.997,152997,152.997,5.030418313357062,0.006536075870768708
1056,854,3,18,1:20.586,80586,80.586,4.389324937154993,0.012409103318194227
1041,846,19,3,1:33.264,93264,93.264,4.535434181303194,0.010722250814891062
27,8,51,7,1:18.410,78410,78.41,4.361951470242831,0.012753475322025252
901,16,9,14,1:50.493,110493,110.493,4.704952170534922,0.00905034708081055
193,21,38,10,1:51.284,111284,111.284,4.712085492332217,0.008986017756371086
902,818,17,20,1:43.061,103061,103.061,4.635321045938585,0.009702991432258565
1042,849,38,19,1:25.975,85975,85.975,4.45405655631833,0.011631288165164292
953,832,54,8,1:20.837,80837,80.837,4.3924347815054,0.012370572881230129
39,27,31,15,1:27.866,87866,87.866,4.475812926678045,0.011380966471672775
956,831,60,16,1:12.923,72923,72.923,4.289404089940608,0.013713094634066069
931,4,9,10,1:21.171,81171,81.171,4.396558040519791,0.012319670818395731
80,8,3,10,1:19.000,79000,79.0,4.3694478524670215,0.012658227848101266
942,831,17,16,1:59.900,119900,119.9,4.786658062033468,0.008340283569641367
897,154,48,4,1:44.451,104451,104.451,4.648718061915576,0.009573867172166853
928,817,41,12,1:44.400,104400,104.4,4.648229675448539,0.009578544061302681
1008,817,6,6,1:14.415,74415,74.415,4.309657534421122,0.013438150910434724
169,30,59,2,1:22.320,82320,82.32,4.410614091525794,0.012147716229348883
979,807,14,12,1:25.278,85278,85.278,4.44591650798493,0.01172635380754708
232,79,27,13,1:20.989,80989,80.989,4.394313342981313,0.012347355813752485
1059,854,34,19,1:39.913,99913,99.913,4.604299807318447,0.010008707575590765
891,13,22,7,1:54.904,114904,114.904,4.744096997129522,0.008702917217851424
1031,846,19,4,1:10.029,70029,70.029,4.248909441971012,0.014279798369247027
976,830,2,4,1:48.874,108874,108.874,4.69019125028548,0.009184929367893162
33,21,7,15,1:23.435,83435,83.435,4.424067885598866,0.011985377839036375
114,2,76,11,1:18.667,78667,78.667,4.365223753636659,0.012711810543175665
20,10,24,4,1:37.596,97596,97.596,4.580836508972639,0.01024632157055617
131,30,16,2,2:11.652,131652,131.652,4.880162077623354,0.007595782821377572
205,44,61,12,1:22.931,82931,82.931,4.418008936752885,0.01205821707202373
929,831,39,10,1:41.559,101559,101.559,4.620639910391783,0.009846493171456985
936,832,6,11,1:29.990,89990,89.99,4.4996985530458575,0.011112345816201801
171,64,27,11,1:29.562,89562,89.562,4.494931122879158,0.011165449632656707
175,49,14,3,1:34.502,94502,94.502,4.548620998296906,0.010581786628854416
1019,8,14,9,1:33.055,93055,93.055,4.533190716195927,0.010746332813927246
1074,849,10,19,1:42.678,102678,102.678,4.63159787782337,0.00973918463546232
1081,4,50,7,1:48.332,108332,108.332,4.68520058589358,0.009230882841634975
901,826,38,12,1:49.049,109049,109.049,4.691797322500136,0.009170189547817953
74,11,42,5,1:23.722,83722,83.722,4.427501786446782,0.01194429182293782
91,22,36,5,1:36.371,96371,96.371,4.568205326482597,0.010376565564329518
151,30,33,2,1:24.840,84840,84.84,4.440767129696482,0.011786892975011787
933,813,27,6,1:13.814,73814,73.814,4.3015484155123165,0.013547565502479205
928,18,55,13,2:21.530,141530,141.53,4.952511708745748,0.007065639793683318
172,49,46,2,1:15.923,75923,75.923,4.329719668800205,0.013171239281904034
989,822,23,10,1:30.258,90258,90.258,4.502672235943741,0.011079350306898004
1104,815,60,16,1:41.082,101082,101.082,4.615932068632122,0.00989295819235868
9,67,46,17,1:36.787,96787,96.787,4.572512687743151,0.010331966069823426
338,1,52,5,1:30.025,90025,90.025,4.500087409534939,0.011108025548458762
129,30,32,4,2:01.774,121774,121.774,4.802166867792742,0.00821193358188119
346,4,50,14,1:55.897,115897,115.897,4.7527018656276105,0.008628351035833542
158,22,5,5,1:35.997,95997,95.997,4.564316940979545,0.010416992197672843
942,807,14,10,1:58.299,118299,118.299,4.7732153178632375,0.008453156831418692
22,13,54,1,1:27.668,87668,87.668,4.4735569525194725,0.011406670620979147
857,808,26,12,1:31.565,91565,91.565,4.517049102592912,0.010921203516627533
121,49,12,10,1:24.198,84198,84.198,4.433171167997053,0.01187676666904202
958,18,53,19,1:27.047,87047,87.047,4.466448202668011,0.011488046687421738
118,50,44,16,1:28.206,88206,88.206,4.479674987909884,0.011337097249620207
964,13,46,9,1:38.394,98394,98.394,4.588979826589363,0.010163221334634225
1089,846,40,7,1:24.926,84926,84.926,4.4417802890729945,0.011774957021406872
1110,858,17,17,1:54.913,114913,114.913,4.744175320317141,0.008702235604326751
207,44,55,6,1:32.939,92939,92.939,4.531943363969078,0.01075974563961308
197,25,54,4,1:22.411,82411,82.411,4.411718923151373,0.012134302459623108
872,815,53,2,1:27.562,87562,87.562,4.472347113873927,0.011420479203307372
120,14,19,8,1:49.936,109936,109.936,4.6998983782887205,0.009096201426284383
219,50,12,19,1:34.808,94808,94.808,4.551853793886147,0.010547633111129861
126,63,61,7,1:18.415,78415,78.415,4.362015235586388,0.012752662118217177
4,17,26,12,1:37.059,97059,97.059,4.575319041018576,0.010303011570281994
1098,846,27,17,1:40.973,100973,100.973,4.614853154370426,0.009903637606092718
90,21,45,10,1:35.270,95270,95.27,4.556714965718688,0.01049648367796788
1095,854,31,12,1:17.069,77069,77.069,4.344701124488388,0.012975385693339734
1039,846,12,8,1:23.851,83851,83.851,4.429041414256541,0.01192591620851272
192,76,29,15,1:22.836,82836,82.836,4.416862749509339,0.012072045970351055
893,824,10,22,2:11.117,131117,131.117,4.876090054369069,0.007626776085480907
118,18,38,9,1:25.405,85405,85.405,4.447404647090024,0.011708916339792753
118,8,17,2,1:23.782,83782,83.782,4.42821818727979,0.011935737986679717
114,50,5,16,1:21.753,81753,81.753,4.403702506351742,0.012231967022616906
180,57,66,1,1:23.194,83194,83.194,4.421175229842108,0.012020097603192538
1015,817,12,13,1:41.710,101710,101.71,4.622125626637505,0.009831874938550783
1067,1,38,4,1:34.529,94529,94.529,4.548906665729059,0.010578764188767468
1034,848,6,13,1:35.837,95837,95.837,4.562648831706932,0.010434383380114152
27,13,13,2,1:17.038,77038,77.038,4.34429880661291,0.012980606973182067
23,22,53,6,1:28.212,88212,88.212,4.479743008179951,0.011336326123429918
1024,9,12,18,1:50.917,110917,110.917,4.708782173861799,0.009015750516151716
217,65,52,5,1:21.237,81237,81.237,4.397370808408481,0.012309661853588883
1109,4,40,8,1:24.729,84729,84.729,4.439457927945518,0.011802334501764449
1058,852,49,9,1:10.144,70144,70.144,4.250550271885496,0.014256386861313867
155,2,21,12,1:28.743,88743,88.743,4.485744552005431,0.011268494416461017
45,17,21,4,1:35.648,95648,95.648,4.5606747861015275,0.010455001672800269
77,27,44,17,1:37.084,97084,97.084,4.575576583141013,0.010300358452474146
888,820,26,18,1:43.697,103697,103.697,4.641473185212384,0.00964348052499108
185,63,11,19,1:25.064,85064,85.064,4.443403914348785,0.01175585441549892
969,807,24,12,1:30.578,90578,90.578,4.5062113579549585,0.01104020843913533
340,20,18,6,1:45.240,105240,105.24,4.656243456172092,0.00950209045990118
12,15,3,14,2:55.552,175552,175.552,5.167935295315138,0.005696317900109369
222,14,52,8,1:39.771,99771,99.771,4.602877559928207,0.010022952561365527
1040,826,13,9,1:42.165,102165,102.165,4.626589153361391,0.009788087897029315
939,20,57,1,1:50.939,110939,110.939,4.708980500705086,0.009013962628110944
23,10,28,13,1:34.537,94537,94.537,4.548991292261643,0.010577868982514782
140,22,11,2,1:36.999,96999,96.999,4.574700669171891,0.010309384632831266
944,3,17,1,1:16.619,76619,76.619,4.338845087764727,0.013051592946919172
141,8,29,8,1:30.826,90826,90.826,4.508945588231074,0.011010063197762756
36,15,50,9,1:29.984,89984,89.984,4.499631876748145,0.011113086770981509
198,55,45,6,1:20.380,80380,80.38,4.386765389021055,0.012440905697934811
1089,854,23,8,1:27.545,87545,87.545,4.47215294687828,0.011422696898737792
1003,840,56,15,1:46.731,106731,106.731,4.670311650318878,0.009369349111317237
69,23,26,5,1:34.415,94415,94.415,4.547699958833541,0.010591537361648043
214,71,43,15,1:20.665,80665,80.665,4.390304776118107,0.012396950350213846
176,21,10,5,1:21.365,81365,81.365,4.398945205112578,0.012290296810667978
1104,847,15,8,1:18.531,78531,78.531,4.363493451292718,0.012733824858972889
341,1,42,2,1:26.066,86066,86.066,4.4551144437810475,0.011618990077382473
1047,842,34,8,1:43.135,103135,103.135,4.636038809650557,0.009696029475929607
180,68,14,13,1:24.394,84394,84.394,4.435496309027501,0.011849183591250562
867,814,19,3,1:48.761,108761,108.761,4.689152814278823,0.009194472283263302
906,822,12,4,1:21.725,81725,81.725,4.403359952610274,0.01223615784643622
28,18,65,13,1:22.930,82930,82.93,4.4179968784631125,0.012058362474375979
233,65,31,9,1:34.348,94348,94.348,4.546990073921629,0.010599058803578242
1008,843,14,17,1:16.353,76353,76.353,4.335367323623547,0.013097062328919624
41,3,57,12,1:55.672,115672,115.672,4.750758599725825,0.008645134518293105
901,20,52,3,1:44.669,104669,104.669,4.650802989985289,0.009553927141751618
90,46,37,17,1:33.490,93490,93.49,4.537854478703224,0.010696331158412665
350,810,5,19,1:31.513,91513,91.513,4.516481038692297,0.0109274092205479
127,30,1,1,1:28.129,88129,88.129,4.478801650173256,0.011347002689239636
64,11,1,13,1:32.707,92707,92.707,4.529443982126501,0.010786671988091514
1,9,1,4,1:41.250,101250,101.25,4.617592705986649,0.009876543209876543
869,808,59,16,1:20.613,80613,80.613,4.389659926829277,0.012404947092900648
1008,840,32,17,1:16.515,76515,76.515,4.337486800042999,0.013069332810560021
865,819,59,17,1:19.743,79743,79.743,4.378808963517894,0.01254028566770751
76,17,46,3,1:18.429,78429,78.429,4.362193756920162,0.012750385699167399
869,39,48,24,1:23.955,83955,83.955,4.430280941011433,0.011911142874158776
1109,807,16,9,1:28.445,88445,88.445,4.482380889895471,0.011306461642828877
998,838,36,15,2:05.341,125341,125.341,4.83103802306373,0.007978235373900001
989,830,2,5,1:30.942,90942,90.942,4.5102219406775745,0.010996019440962372
7,10,48,8,1:47.437,107437,107.437,4.676904629263711,0.009307780373614304
873,18,35,2,2:42.078,162078,162.078,5.08807770083885,0.006169868828588704
1015,846,13,10,1:34.978,94978,94.978,4.5536452858346275,0.010528754027248417
4,4,44,9,1:36.652,96652,96.652,4.571116898663208,0.010346397384430741
1019,840,50,13,1:29.467,89467,89.467,4.493869842204891,0.011177305598712375
73,37,10,9,1:34.542,94542,94.542,4.5490441802079635,0.010577309555541453
353,18,48,12,1:55.374,115374,115.374,4.748179025396505,0.008667464073361416
167,14,37,2,1:13.689,73689,73.689,4.299853534324501,0.01357054648590699
851,814,33,9,1:28.796,88796,88.796,4.486341603938521,0.011261768548132798
1076,848,12,17,1:27.173,87173,87.173,4.467894649941208,0.011471441845525563
196,35,32,11,1:27.262,87262,87.262,4.468915087441972,0.011459741926611812
350,15,22,16,1:29.269,89269,89.269,4.491654283156981,0.011202097032564496
234,49,15,9,1:50.289,110289,110.289,4.703104193271781,0.009067087379521076
213,75,49,8,1:22.205,82205,82.205,4.40921612746284,0.012164710175780063
1034,842,16,13,2:40.103,160103,160.103,5.075817358115679,0.006245979150921594
843,2,46,14,1:42.829,102829,102.829,4.633067414405327,0.009724883058281225
54,30,7,9,1:38.582,98582,98.582,4.5908886891623215,0.010143839646182875
1077,846,29,4,1:21.770,81770,81.77,4.4039104281738854,0.012229423994129877
1014,842,49,6,2:09.473,129473,129.473,4.863472365193159,0.0077236180516401095
1027,830,48,7,1:20.476,80476,80.476,4.38795900332699,0.01242606491376311
1083,830,42,9,2:33.579,153579,153.579,5.034215092616711,0.006511306884404769
114,15,28,7,1:20.271,80271,80.271,4.38540841002029,0.01245779920519241
869,8,9,8,1:22.712,82712,82.712,4.415364694284392,0.012090144114517844
1003,838,7,17,1:50.543,110543,110.543,4.705404585533862,0.009046253494115412
177,56,15,4,1:30.103,90103,90.103,4.500953460397384,0.011098409597904622
1106,825,4,15,1:18.198,78198,78.198,4.359244071776637,0.012788050845290161
974,8,60,2,1:30.717,90717,90.717,4.507744770649589,0.011023292216453366
1009,825,45,11,1:45.513,105513,105.513,4.658834168073637,0.009477505141546539
184,69,19,12,1:51.969,111969,111.969,4.718222047268573,0.008931043413802036
227,73,21,13,1:24.661,84661,84.661,4.438655046976714,0.011811814176539374
143,55,61,7,1:30.884,90884,90.884,4.509583968088757,0.011003036838167335
903,20,43,5,1:42.969,102969,102.969,4.634427972055026,0.009711660791111888
842,10,2,21,1:50.257,110257,110.257,4.702814004374912,0.009069718929410378
1091,847,34,15,1:54.795,114795,114.795,4.743147928929994,0.008711180800557515
215,25,7,10,1:27.961,87961,87.961,4.476893534425938,0.011368674753583975
48,2,14,4,1:24.177,84177,84.177,4.432921724788633,0.011879729617353908
208,77,12,2,1:19.478,79478,79.478,4.375480253803848,0.012582098190694281
162,48,42,16,1:26.809,86809,86.809,4.463710302927161,0.011519542904537548
47,24,28,14,1:30.453,90453,90.453,4.504830378787129,0.011055465269255856
1055,849,9,18,1:54.725,114725,114.725,4.742537960280897,0.008716495968620615
339,811,17,18,2:13.691,133691,133.691,4.89553116695808,0.007479935074163556
71,13,31,15,1:29.872,89872,89.872,4.498386435790077,0.011126936086879117
87,18,1,6,1:50.684,110684,110.684,4.706679294489752,0.009034729500198764
934,20,31,6,1:37.707,97707,97.707,4.581973204383889,0.010234681240852755
128,59,20,11,1:23.901,83901,83.901,4.429637532353262,0.011918809072597467
957,13,2,12,2:53.502,173502,173.502,5.156189126697996,0.005763622321356526
170,2,6,21,2:37.307,157307,157.307,5.058199310027686,0.006356996192159282
989,154,3,6,1:31.150,91150,91.15,4.512506501124672,0.010970927043335162
911,3,4,1,1:56.033,116033,116.033,4.753874633407438,0.008618237915075884
907,817,66,9,1:13.510,73510,73.51,4.297421451385996,0.013603591348115902
337,1,5,5,2:03.283,123283,123.283,4.814482525563275,0.008111418443743258
345,15,28,22,1:44.594,104594,104.594,4.650086188608923,0.009560777864887089
5,12,45,12,1:24.649,84649,84.649,4.4385132951602815,0.011813488641330671
15,3,12,7,1:34.642,94642,94.642,4.550101352160279,0.010566133429132943
903,155,26,17,1:46.532,106532,106.532,4.668445409501133,0.009386850899260316
943,828,36,13,1:24.177,84177,84.177,4.432921724788633,0.011879729617353908
1017,848,52,15,1:35.491,95491,95.491,4.559032002208041,0.01047219109654313
169,41,30,15,1:22.633,82633,82.633,4.414409116480268,0.012101702709571237
134,30,68,1,1:16.574,76574,76.574,4.338257593541175,0.013059262935199937
155,31,46,1,1:26.205,86205,86.205,4.456728180627815,0.011600255205614524
99,31,48,7,1:16.140,76140,76.14,4.332573750954351,0.013133701076963489
67,2,39,7,1:23.372,83372,83.372,4.423312521579424,0.011994434582353788
1001,825,16,7,1:50.750,110750,110.75,4.707275408925245,0.009029345372460496
965,825,16,16,1:45.588,105588,105.588,4.659544728451424,0.009470773193923553
1053,844,50,3,1:18.818,78818,78.818,4.367141397174436,0.012687457179832018
179,64,8,12,1:27.915,87915,87.915,4.476370438596502,0.011374623215605983
340,3,9,1,1:47.286,107286,107.286,4.6754981658211205,0.009320880636802566
156,2,52,7,1:16.508,76508,76.508,4.337395310528287,0.01307052857217546
906,13,37,4,1:19.500,79500,79.5,4.375757021660286,0.012578616352201259
866,30,43,14,1:36.115,96115,96.115,4.565545391204823,0.010404203298132447
115,2,39,12,1:18.335,78335,78.335,4.36099450184545,0.012765685836471566
130,59,13,14,1:22.700,82700,82.7,4.415219602029645,0.012091898428053204
1032,846,57,9,1:08.122,68122,68.122,4.221300215316517,0.01467954552127066
112,4,6,3,1:21.301,81301,81.301,4.39815831660112,0.012299971710065067
1047,841,54,16,1:43.553,103553,103.553,4.6400835589332745,0.009656890674340677
235,22,29,11,1:24.552,84552,84.552,4.437366729707047,0.01182704134733655
881,823,9,16,1:51.690,111690,111.69,4.715727176552735,0.008953353030710001
890,820,32,20,1:31.201,91201,91.201,4.513065861932452,0.010964792052718721
872,814,50,8,1:29.967,89967,89.967,4.4994429364249395,0.011115186679560284
136,15,55,8,1:40.573,100573,100.573,4.61088383198066,0.009943026458393407
337,4,16,2,2:05.043,125043,125.043,4.8286576781478665,0.00799724894636245
1106,832,13,5,2:14.981,134981,134.981,4.905134027792781,0.007408450078159149
1092,815,24,3,1:49.857,109857,109.857,4.699179520059368,0.009102742656362363
132,62,3,20,1:40.800,100800,100.8,4.613138355637268,0.00992063492063492
877,819,14,17,2:29.639,149639,149.639,5.008225726752457,0.006682749817895067
1104,852,54,9,1:41.010,101010,101.01,4.615219521841093,0.0099000099000099
238,86,28,19,1:31.901,91901,91.901,4.520711910695257,0.01088127441485947
195,22,49,5,1:27.099,87099,87.099,4.467045402736292,0.011481188073341829
19,13,13,1,1:36.235,96235,96.235,4.566793116867087,0.010391229802047073
874,5,51,16,1:38.307,98307,98.307,4.588095235197626,0.010172215610282075
199,65,23,4,1:43.922,103922,103.922,4.643640617750669,0.009622601566559535
961,832,32,15,1:28.531,88531,88.531,4.483352773165172,0.011295478419988477
899,814,63,11,1:17.517,77517,77.517,4.350497267143256,0.012900396042158495
1071,4,58,7,1:15.907,75907,75.907,4.329508906762937,0.013174015571686406
854,22,35,12,1:57.883,117883,117.883,4.769692607155431,0.008482987368831808
52,9,11,4,1:14.741,74741,74.741,4.31402880368418,0.013379537335598934
962,832,48,14,2:04.316,124316,124.316,4.822826711069535,0.008044016860259339
51,5,50,9,1:40.479,100479,100.479,4.609948750441065,0.009952328347216832
147,58,10,19,1:27.432,87432,87.432,4.470861348374372,0.01143745996889011
1033,830,69,2,1:19.321,79321,79.321,4.373502910732993,0.012607001928871295
19,22,23,13,1:39.489,99489,99.489,4.6000470852893205,0.010051362462181749
131,44,58,8,1:18.013,78013,78.013,4.356875479468912,0.01281837642444208
29,21,20,13,1:41.950,101950,101.95,4.624482497020464,0.00980872976949485
110,23,26,7,1:28.146,88146,88.146,4.478994530616345,0.011344814285390147
1035,842,43,11,1:30.955,90955,90.955,4.51036487871418,0.010994447803859051
1080,20,63,11,1:18.069,78069,78.069,4.357593051032615,0.01280918162138621
1108,815,24,9,1:32.726,92726,92.726,4.529648907895555,0.010784461747514181
1021,830,28,2,1:21.722,81722,81.722,4.403323243462962,0.012236607033601724
903,16,2,22,1:58.376,118376,118.376,4.7738659992002335,0.008447658309116712
346,13,17,18,1:38.080,98080,98.08,4.585783472187901,0.010195758564437194
183,48,27,16,1:14.849,74849,74.849,4.315472750722951,0.013360231933626367
1,8,26,5,1:31.718,91718,91.718,4.518718652256975,0.010902985237357988
355,155,5,8,2:39.077,159077,159.077,5.06938836172566,0.0062862638847853555
954,8,24,4,1:18.043,78043,78.043,4.357259956840748,0.01281344899606627
16,67,22,4,1:14.763,74763,74.763,4.314323110193154,0.013375600230060323
1019,817,24,10,1:34.373,94373,94.373,4.547255015291654,0.01059625104637979
908,825,27,6,1:40.259,100259,100.259,4.607756837718191,0.009974166907709034
913,828,27,18,1:57.278,117278,117.278,4.764547184786931,0.008526748409761422
1047,842,42,8,1:43.545,103545,103.545,4.640006300823549,0.009657636776280844
25,16,3,18,1:20.829,80829,80.829,4.392335812025032,0.012371797250986652
157,35,25,10,1:40.026,100026,100.026,4.605430152193949,0.009997400675824285
1102,844,44,7,1:31.831,91831,91.831,4.5199499312536044,0.010889568881967963
1032,825,9,14,1:10.795,70795,70.795,4.2597883767369344,0.014125291334133766
936,828,24,17,1:29.818,89818,89.818,4.497785400655951,0.011133625776570398
83,8,46,1,1:22.186,82186,82.186,4.408984971254963,0.012167522449078918
166,49,21,6,1:22.113,82113,82.113,4.408096347406933,0.01217833960517823
975,1,56,1,1:16.080,76080,76.08,4.331785418237135,0.013144058885383806
1038,842,39,1,1:24.083,84083,84.083,4.43180440623664,0.011893010477742232
849,16,41,11,1:58.987,118987,118.987,4.779014243446523,0.008404279459100574
202,35,19,5,1:21.439,81439,81.439,4.399854273748436,0.012279129164159679
92,17,23,7,1:34.602,94602,94.602,4.5496786174834,0.010570601044375382
144,58,49,13,1:36.064,96064,96.064,4.565014636010996,0.01040972684876749
340,13,40,11,1:48.837,108837,108.837,4.6898513501393575,0.009188051857364682
1003,822,9,4,1:47.307,107307,107.307,4.675693885160214,0.00931905653871602
63,27,23,16,1:19.941,79941,79.941,4.381288862586972,0.012509225553845961
50,9,54,9,1:32.457,92457,92.457,4.526743671570346,0.010815838714213094
170,23,13,3,1:56.270,116270,116.27,4.755915072680517,0.008600670852326481
143,35,32,11,1:20.536,80536,80.536,4.388704289427122,0.012416807390483758
109,17,23,10,1:40.079,100079,100.079,4.60595987410234,0.009992106236073503
953,20,12,4,1:39.864,99864,99.864,4.60380926034875,0.010013618521188816
168,57,34,1,1:48.458,108458,108.458,4.686363001265024,0.009220158955540394
1003,832,6,10,1:50.337,110337,110.337,4.70353931878516,0.009063142916700653
1110,844,42,3,1:51.419,111419,111.419,4.71329786950303,0.00897512991500552
856,811,25,14,1:44.131,104131,104.131,4.645649721876082,0.009603288165867993
196,25,29,4,1:24.415,84415,84.415,4.435745110929157,0.011846235858555943
928,826,7,15,1:46.779,106779,106.779,4.670761277978553,0.009365137339739088
972,807,2,10,2:32.907,152907,152.907,5.0298298934436465,0.006539922959707534
949,837,47,17,1:36.685,96685,96.685,4.571458271502555,0.010342866008170864
183,44,45,12,1:15.913,75913,75.913,4.329587947732548,0.013172974325873039
16,2,7,10,1:16.813,76813,76.813,4.341373896662269,0.013018629659042089
18,2,13,5,1:29.375,89375,89.375,4.492841001014172,0.011188811188811189
134,63,23,9,1:18.129,78129,78.129,4.35836130674589,0.012799344673552713
14,18,16,10,1:50.078,110078,110.078,4.701189205415331,0.009084467377677647
1052,846,4,5,1:49.988,109988,109.988,4.7003712689324795,0.009091900934647417
847,22,3,16,2:04.846,124846,124.846,4.827080977766405,0.008009868157570127
980,13,22,11,1:51.862,111862,111.862,4.717265968725828,0.00893958627594715
856,3,33,11,1:42.696,102696,102.696,4.631773167782625,0.009737477603801512
897,4,47,7,1:44.660,104660,104.66,4.650717000944062,0.009554748710108925
181,30,50,1,1:32.715,92715,92.715,4.529530271779346,0.010785741250067411
150,54,35,12,1:18.897,78897,78.897,4.368143204315255,0.012674753159182223
848,39,8,24,1:51.417,111417,111.417,4.713279919082093,0.008975291023811447
1,10,26,12,1:32.187,92187,92.187,4.523819122790617,0.01084751646110623
1085,20,11,11,1:40.883,100883,100.883,4.613961429517424,0.009912472864605533
906,13,40,4,1:19.845,79845,79.845,4.38008725529283,0.012524265764919532
135,63,59,9,1:19.140,79140,79.14,4.371218435957278,0.012635835228708618
338,1,27,3,1:31.077,91077,91.077,4.511705302576652,0.010979720456317182
216,55,37,7,1:47.390,107390,107.39,4.676467067870125,0.009311853990129435
1014,815,26,16,1:22.979,82979,82.979,4.418587563735457,0.012051241880475783
883,815,21,12,1:56.585,116585,116.585,4.758620620700956,0.008577432774370631
1086,852,24,15,1:25.330,85330,85.33,4.446526092548494,0.011719207781553968
1031,844,55,6,1:41.270,101270,101.27,4.617790217344194,0.009874592673052237
994,828,51,14,1:19.114,79114,79.114,4.370889850262965,0.012639987865611648
1109,852,47,16,1:24.067,84067,84.067,4.431614099961906,0.011895274007636767
1101,1,24,6,1:46.628,106628,106.628,4.669346141406655,0.00937839966988033
1091,830,45,12,1:50.049,110049,110.049,4.700925721152449,0.009086861307235867
354,20,58,1,1:14.503,74503,74.503,4.310839393031137,0.013422278297518221
959,154,10,12,1:22.454,82454,82.454,4.412240562079891,0.012127974385718098
1071,822,70,3,1:13.371,73371,73.371,4.295528762181883,0.013629363099862344
149,18,2,18,1:23.285,83285,83.285,4.422268460929071,0.012006964039142703
195,64,10,21,1:28.562,88562,88.562,4.483702871704546,0.011291524581649014
931,832,64,10,1:45.145,105145,105.145,4.655340349900667,0.009510675733510866
1014,847,53,17,1:24.445,84445,84.445,4.436100434869885,0.011842027355083192
952,837,25,19,1:38.242,98242,98.242,4.587433822497794,0.010178945868365872
16,5,65,9,1:14.660,74660,74.66,4.3129444734864375,0.01339405304045004
34,10,35,9,1:38.814,98814,98.814,4.593239295120126,0.010120023478454471
855,811,39,17,1:39.312,99312,99.312,4.598266409671297,0.010069276623167391
914,154,16,13,1:56.506,116506,116.506,4.757942773825488,0.008583248931385509
238,84,43,11,1:26.732,86732,86.732,4.462822904501971,0.011529769865793479
912,18,20,6,1:30.410,90410,90.41,4.504354880749275,0.011060723371308484
954,828,35,16,1:19.286,79286,79.286,4.3730615682882314,0.012612567161920137
1072,844,15,7,3:33.042,213042,213.042,5.361489329369984,0.004693910121009003
132,23,43,5,1:34.685,94685,94.685,4.550555592714868,0.010561334952738026
848,18,1,7,1:55.351,115351,115.351,4.747979653849631,0.008669192291354214
1054,20,37,13,1:23.080,83080,83.08,4.419803999007912,0.01203659123736158
872,3,46,11,1:28.761,88761,88.761,4.4859473643371155,0.01126620925857077
187,55,31,9,1:27.087,87087,87.087,4.466907618987667,0.011482770103459758
42,17,10,8,1:15.716,75716,75.716,4.326989498743973,0.013207248137778014
346,4,24,5,1:36.090,96090,96.09,4.5652852522891765,0.010406910188365074
212,22,1,16,1:38.813,98813,98.813,4.59322917504544,0.010120125894366125
875,811,23,14,1:46.768,106768,106.768,4.670658256161251,0.009366102202907237
1107,847,45,8,1:09.726,69726,69.726,4.244573275468792,0.014341852393655164
968,830,54,4,1:46.088,106088,106.088,4.664268938375298,0.009426136792097127
852,816,19,18,1:58.284,118284,118.284,4.773088512471302,0.008454228805248385
1076,840,26,13,2:26.174,146174,146.174,4.984797692923232,0.006841161902937595
177,56,20,3,1:30.299,90299,90.299,4.5031263861644995,0.011074319759908746
1070,832,40,4,1:21.887,81887,81.887,4.405340248101329,0.012211950614871714
1034,846,51,5,1:30.379,90379,90.379,4.504011939527145,0.011064517199791986
184,21,1,9,1:59.614,119614,119.614,4.7842698915221,0.00836022539167656
95,43,49,5,1:20.473,80473,80.473,4.387921724437399,0.01242652815229953
1110,842,22,6,1:57.187,117187,117.187,4.763770949488961,0.008533369742377568
896,3,27,8,1:34.075,94075,94.075,4.544092336479501,0.010629816635663035
1017,826,44,15,1:36.344,96344,96.344,4.567925119958178,0.010379473553101388
956,1,66,2,1:08.524,68524,68.524,4.227184048868212,0.01459342712042496
185,65,72,12,1:25.171,85171,85.171,4.444661000307497,0.011741085580772798
1054,839,64,7,1:22.524,82524,82.524,4.4130891601257,0.012117686975910038
1104,847,22,8,1:17.879,77879,77.879,4.355156340154484,0.012840431952130868
1088,832,35,6,1:16.859,76859,76.859,4.34197257438331,0.01301083802807739
26,5,22,5,1:34.036,94036,94.036,4.543677687675776,0.01063422519035263
212,76,60,13,1:26.641,86641,86.641,4.461773144639054,0.011541879710529656
998,817,5,5,1:34.203,94203,94.203,4.545452028208966,0.010615373183444264
50,24,61,10,1:34.170,94170,94.17,4.545101659521972,0.010619093129446745
176,37,3,15,1:23.030,83030,83.03,4.419201988273939,0.012043839576056847
1008,8,66,3,1:12.457,72457,72.457,4.282993282456927,0.013801289040396375
1003,832,24,8,1:47.172,107172,107.172,4.674435020489749,0.00933079535699623
41,17,52,2,1:50.018,110018,110.018,4.700643988769083,0.009089421730989474
88,32,11,7,1:35.487,95487,95.487,4.558990112566296,0.010472629782064575
75,14,37,8,1:18.376,78376,78.376,4.361517758042341,0.012759007859548841
1008,154,42,8,1:13.455,73455,73.455,4.296672973822391,0.013613777142468178
87,15,63,13,1:15.007,75007,75.007,4.317581442514359,0.013332089005026197
225,84,19,10,1:39.469,99469,99.469,4.599846037831391,0.010053383466205552
348,18,33,9,1:26.778,86778,86.778,4.46335313331965,0.011523658070017746
869,818,43,13,1:21.630,81630,81.63,4.402196841463264,0.012250398137939484
92,4,48,7,1:32.190,92190,92.19,4.523851664810503,0.010847163466753445
59,31,66,2,1:17.679,77679,77.679,4.35258495057374,0.012873492192226985
1008,154,43,8,1:13.489,73489,73.489,4.297135735154691,0.013607478670277184
1080,4,22,7,1:33.462,93462,93.462,4.537554936572524,0.010699535640153216
1095,852,51,15,1:17.935,77935,77.935,4.355875145941014,0.01283120549175595
914,817,26,5,1:53.576,113576,113.576,4.7324722163612725,0.00880467704444601
1071,840,32,15,1:15.440,75440,75.44,4.323337638325202,0.013255567338282079
885,16,22,9,1:21.462,81462,81.462,4.400136653846199,0.012275662271979572
1012,846,44,17,1:39.227,99227,99.227,4.597410154676628,0.010077902183881403
92,13,38,13,1:33.486,93486,93.486,4.537811692463273,0.010696788823995036
1069,20,37,9,1:42.504,102504,102.504,4.629901822207275,0.009755716850074142
185,48,35,19,1:25.443,85443,85.443,4.447849486955011,0.011703708905352106
110,22,20,5,2:02.977,122977,122.977,4.811997346017339,0.008131601844247298
931,832,40,14,1:20.426,80426,80.426,4.387337506992458,0.012433790067888494
347,5,8,15,1:23.240,83240,83.24,4.421728001525434,0.01201345506967804
33,8,30,3,1:20.060,80060,80.06,4.382776353564427,0.012490632025980514
1065,844,5,5,1:26.473,86473,86.473,4.459832226484077,0.011564303308547177
88,32,12,7,1:34.942,94942,94.942,4.553266178837669,0.01053274630827242
136,31,51,10,1:18.163,78163,78.163,4.35879638980243,0.012793777106815245
941,833,35,15,1:46.722,106722,106.722,4.670227322621395,0.009370139240269111
1005,825,2,20,2:34.145,154145,154.145,5.037893717867083,0.006487398228940283
863,37,1,22,1:54.477,114477,114.477,4.740373929454093,0.008735379159132401
355,32,45,20,1:47.611,107611,107.611,4.678522872985775,0.009292730297088587
149,31,50,2,1:21.620,81620,81.62,4.402074329977659,0.012251899044351873
76,8,55,1,1:18.526,78526,78.526,4.363429780141458,0.01273463566207371
1028,842,32,9,1:41.728,101728,101.728,4.622302584728392,0.009830135262661214
843,814,37,10,1:42.995,102995,102.995,4.634680443362033,0.009709209184911888
1084,1,42,4,1:10.731,70731,70.731,4.258883949220257,0.014138072415206912
153,2,41,7,1:19.211,79211,79.211,4.3721151780651,0.012624509222203987
8,21,56,10,1:23.492,83492,83.492,4.42475081888366,0.011977195419920471
1006,838,11,14,2:25.522,145522,145.522,4.980327277930704,0.006871813196630063
880,17,41,9,1:30.079,90079,90.079,4.5006870630864215,0.011101366578225781
952,830,10,2,1:31.133,91133,91.133,4.512319977970574,0.01097297356610668
1035,825,5,14,1:34.648,94648,94.648,4.550164746951362,0.010565463612543319
1021,20,37,3,1:23.464,83464,83.464,4.4244154011656684,0.011981213457298955
225,22,21,4,1:37.325,97325,97.325,4.578055893496519,0.010274852298998202
